SEF_DCM_Name|SEF_DCM_LEI|Trade_Date|Effective_Date|Internal_Prod_ID|Internal_Prod_Des|Asset_Class|Base_Prod|Sub_Prod|Tran_Type|Contract_Type|Curr_Code|Setl_Method|UPI|Block_Flag|Option_Flag|DCO_Name|DCO_LEI|Premium_Volatility_Other_Flag|First_Price|High_Price|Low_Price|Last_Price|Traded_Currency|Notional_Traded_Currency_DA|Notional_Traded_Currency_NDA|Total_Notional_USD_DA|Cleared_Notional_USD_DA|Un_Cleared_Notional_USD_DA|Total_Notional_USD_NDA|Cleared_Notional_USD_NDA|Un_Cleared_Notional_USD_NDA|Total_Trade_Count|Cleared_Trade_Count|Un_Cleared_Trade_Count
Tradition SEF Inc.|549300MBO45EHETL4438|20230424|20230425|2I65BYEC5_5Y_DS50|"IG40 V1 5Y CD "|CD|INDX|CDX|CDXIG|2I65BYEC5|USD|CASH||N|N|IntercontinentalExchange, Inc.|549300R4IG1TWPZT5U32|O|76.2|76.45|76.2|76.45|USD|100000000.0|100000000|100000000|100000000|0|100000000|100000000|0|2|2|0
Tradition SEF Inc.|549300MBO45EHETL4438|20230424|20230425|5Y_INDX_ITRX_J_S39_V1|"5 Year CDS Index - iTraxx Japan Series 39 Version 1"|CD|INDX|ITRX|ITRXJ|2I668HCK8|JPY|CASH||N|N|||O|84.5|84.5|84.5|84.5|JPY|1000000000.0|1000000000|7454000|0|7454000|7454000|0|7454000|1|0|1
Tradition SEF Inc.|549300MBO45EHETL4438|20230424|20230424|726351|"1M AUD vs. USD Put at a delta of 25"|FX|O||AUDUSD||AUD|CASH||N|N|||P|185500|185500|185500|185500|AUD|1325000000|53000000|887484930|0|887484930|35499400|0|35499400|1|0|1
Tradition SEF Inc.|549300MBO45EHETL4438|20230424|20230424|726352|"1M AUD vs. USD Call at a delta of 25"|FX|O||AUDUSD||AUD|CASH||N|N|||P|157500|157500|157500|157500|AUD|1250000000|50000000|837249980|0|837249980|33490000|0|33490000|1|0|1
Tradition SEF Inc.|549300MBO45EHETL4438|20230424|20230424|726354|"6M AUD vs. USD Put at a delta of 50"|FX|O||AUDUSD||AUD|CASH||N|N|||P|880000|880000|880000|880000|AUD|2000000000|40000000|1339600000|0|1339600000|26792000|0|26792000|1|0|1
Tradition SEF Inc.|549300MBO45EHETL4438|20230424|20230424|726355|"6M AUD vs. USD Call at a delta of 50"|FX|O||AUDUSD||AUD|CASH||N|N|||P|803000|803000|803000|803000|AUD|2000000000|40000000|1339600000|0|1339600000|26792000|0|26792000|1|0|1
Tradition SEF Inc.|549300MBO45EHETL4438|20230424|20230424|726356|"2M USD vs. CNH Put at a delta of 50"|FX|O||USDCNH||USD|CASH||N|N|||P|83000|83250|83000|83250|USD|1000000000|20000000|1000000000|0|1000000000|20000000|0|20000000|2|0|2
Tradition SEF Inc.|549300MBO45EHETL4438|20230424|20230424|726357|"2M USD vs. CNH Call at a delta of 50"|FX|O||USDCNH||USD|CASH||N|N|||P|81000|81000|80750|80750|USD|1000000000|20000000|1000000000|0|1000000000|20000000|0|20000000|2|0|2
Tradition SEF Inc.|549300MBO45EHETL4438|20230424|20230424|726359|"OD EUR vs. USD Call at a strike of 1.1"|FX|O||EURUSD||EUR|CASH||N|N|||P|166500|166500|111000|111000|EUR|75000000.0|75000000|82935000|0|82935000|82935000|0|82935000|2|0|2
Tradition SEF Inc.|549300MBO45EHETL4438|20230424|20230424|726361|"OD AUD vs. USD Call at a strike of 0.6775"|FX|O||AUDUSD||AUD|CASH||N|N|||P|201500|201500|201500|201500|AUD|20000000.0|20000000|13396000|0|13396000|13396000|0|13396000|1|0|1
Tradition SEF Inc.|549300MBO45EHETL4438|20230424|20230424|726363|"2M USD vs. SGD Put at a delta of 50"|FX|O||USDSGD||USD|CASH||N|N|||P|77750|115875|77250|77250|USD|1750000000|35000000|1750000000|0|1750000000|35000000|0|35000000|3|0|3
Tradition SEF Inc.|549300MBO45EHETL4438|20230424|20230424|726364|"2M USD vs. SGD Call at a delta of 50"|FX|O||USDSGD||USD|CASH||N|N|||P|74625|113812.5|74625|75875|USD|1750000000|35000000|1750000000|0|1750000000|35000000|0|35000000|3|0|3
Tradition SEF Inc.|549300MBO45EHETL4438|20230424|20230424|726366|"1Y USD vs. HKD Put at a strike of 7.85"|FX|O||USDHKD||USD|CASH||N|N|||P|133125|133125|133125|133125|USD|75000000.0|75000000|75000000|0|75000000|75000000|0|75000000|1|0|1
Tradition SEF Inc.|549300MBO45EHETL4438|20230424|20230424|726370|"1W USD vs. CNH Put at a delta of 50"|FX|O||USDCNH||USD|CASH||N|N|||P|61875|61875|61875|61875|USD|1250000000|25000000|1250000000|0|1250000000|25000000|0|25000000|1|0|1
Tradition SEF Inc.|549300MBO45EHETL4438|20230424|20230424|726371|"1W USD vs. CNH Call at a delta of 50"|FX|O||USDCNH||USD|CASH||N|N|||P|62500|62500|62500|62500|USD|1250000000|25000000|1250000000|0|1250000000|25000000|0|25000000|1|0|1
Tradition SEF Inc.|549300MBO45EHETL4438|20230424|20230424|726372|"1M USD vs. CNH Put at a delta of 50"|FX|O||USDCNH||USD|CASH||N|N|||P|153750|153750|153750|153750|USD|1250000000|25000000|1250000000|0|1250000000|25000000|0|25000000|1|0|1
Tradition SEF Inc.|549300MBO45EHETL4438|20230424|20230424|726373|"1M USD vs. CNH Call at a delta of 50"|FX|O||USDCNH||USD|CASH||N|N|||P|151562.5|151562.5|151562.5|151562.5|USD|1250000000|25000000|1250000000|0|1250000000|25000000|0|25000000|1|0|1
Tradition SEF Inc.|549300MBO45EHETL4438|20230424|20230424|726376|"9M USD vs. KRW Put at a delta of 50"|FX|NDO||USDKRW||USD|CASH||N|N|||P|1918750|1918750|1918750|1918750|USD|2500000000|50000000|2500000000|0|2500000000|50000000|0|50000000|1|0|1
Tradition SEF Inc.|549300MBO45EHETL4438|20230424|20230424|726377|"9M USD vs. KRW Call at a delta of 50"|FX|NDO||USDKRW||USD|CASH||N|N|||P|1712500|1712500|1712500|1712500|USD|2500000000|50000000|2500000000|0|2500000000|50000000|0|50000000|1|0|1
Tradition SEF Inc.|549300MBO45EHETL4438|20230424|20230424|726378|"9M USD vs. KRW Put at a delta of 25"|FX|NDO||USDKRW||USD|CASH||N|N|||P|978750|978750|978750|978750|USD|1687500000|67500000|1687500030|0|1687500030|67500000|0|67500000|1|0|1
Tradition SEF Inc.|549300MBO45EHETL4438|20230424|20230424|726379|"9M USD vs. KRW Call at a delta of 25"|FX|NDO||USDKRW||USD|CASH||N|N|||P|928125|928125|928125|928125|USD|1687500000|67500000|1687500030|0|1687500030|67500000|0|67500000|1|0|1
Tradition SEF Inc.|549300MBO45EHETL4438|20230424|20230424|726381|"1M USD vs. CNH Put at a delta of 25"|FX|O||USDCNH||USD|CASH||N|N|||P|237500|237500|237500|237500|USD|2500000000|100000000|2500000000|0|2500000000|100000000|0|100000000|1|0|1
Tradition SEF Inc.|549300MBO45EHETL4438|20230424|20230424|726382|"1M USD vs. CNH Call at a delta of 25"|FX|O||USDCNH||USD|CASH||N|N|||P|208750|208750|208750|208750|USD|2500000000|100000000|2500000000|0|2500000000|100000000|0|100000000|1|0|1
Tradition SEF Inc.|549300MBO45EHETL4438|20230424|20230424|726384|"ON EUR vs. USD Put at a strike of 1.093"|FX|O||EURUSD||EUR|CASH||N|N|||P|15000|40000|15000|40000|EUR|75000000.0|75000000|82935000|0|82935000|82935000|0|82935000|2|0|2
Tradition SEF Inc.|549300MBO45EHETL4438|20230424|20230424|726386|"OD USD vs. JPY Call at a strike of 133.1"|FX|O||USDJPY||USD|CASH||N|N|||P|16500|16500|16500|16500|USD|30000000.0|30000000|30000000|0|30000000|30000000|0|30000000|1|0|1
Tradition SEF Inc.|549300MBO45EHETL4438|20230424|20230424|726389|"OD EUR vs. USD Put at a strike of 1.088"|FX|O||EURUSD||EUR|CASH||N|N|||P|43750|43750|43750|43750|EUR|50000000.0|50000000|55290000|0|55290000|55290000|0|55290000|1|0|1
Tradition SEF Inc.|549300MBO45EHETL4438|20230424|20230424|726391|"2M AUD vs. USD Put at a delta of 50"|FX|O||AUDUSD||AUD|CASH||N|N|||P|610000|610000|610000|610000|AUD|2500000000|50000000|1674499970|0|1674499970|33490000|0|33490000|1|0|1
Tradition SEF Inc.|549300MBO45EHETL4438|20230424|20230424|726392|"2M AUD vs. USD Call at a delta of 50"|FX|O||AUDUSD||AUD|CASH||N|N|||P|572500|572500|572500|572500|AUD|2500000000|50000000|1674499970|0|1674499970|33490000|0|33490000|1|0|1
Tradition SEF Inc.|549300MBO45EHETL4438|20230424|20230424|726393|"1Y AUD vs. USD Put at a delta of 50"|FX|O||AUDUSD||AUD|CASH||N|N|||P|674375|674375|424125|424125|AUD|1687500000|33750000|1130287490|0|1130287490|22605750|0|22605750|2|0|2
Tradition SEF Inc.|549300MBO45EHETL4438|20230424|20230424|726394|"1Y AUD vs. USD Call at a delta of 50"|FX|O||AUDUSD||AUD|CASH||N|N|||P|589818.75|589818.75|367900|367900|AUD|1687500000|33750000|1130287490|0|1130287490|22605750|0|22605750|2|0|2
Tradition SEF Inc.|549300MBO45EHETL4438|20230424|20230424|726395|"3M AUD vs. USD Put at a delta of 50"|FX|O||AUDUSD||AUD|CASH||N|N|||P|376875|376875|376875|376875|AUD|1250000000|25000000|837249980|0|837249980|16745000|0|16745000|1|0|1
Tradition SEF Inc.|549300MBO45EHETL4438|20230424|20230424|726396|"3M AUD vs. USD Call at a delta of 50"|FX|O||AUDUSD||AUD|CASH||N|N|||P|349375|349375|349375|349375|AUD|1250000000|25000000|837249980|0|837249980|16745000|0|16745000|1|0|1
Tradition SEF Inc.|549300MBO45EHETL4438|20230424|20230424|726397|"2M USD vs. JPY Call at a strike of 130"|FX|O||USDJPY||USD|CASH||N|N|||P|193500|193500|193500|193500|USD|20000000.0|20000000|20000000|0|20000000|20000000|0|20000000|1|0|1
Tradition SEF Inc.|549300MBO45EHETL4438|20230424|20230424|726398|"3M USD vs. JPY Call at a strike of 125"|FX|O||USDJPY||USD|CASH||N|N|||P|127400|127400|127400|127400|USD|22750000.0|22750000|22750000|0|22750000|22750000|0|22750000|1|0|1
Tradition SEF Inc.|549300MBO45EHETL4438|20230424|20230424|726401|"ON EUR vs. USD Call at a strike of 1.1025"|FX|O||EURUSD||EUR|CASH||N|N|||P|37500|37500|37500|37500|EUR|30000000.0|30000000|33174000|0|33174000|33174000|0|33174000|1|0|1
Tradition SEF Inc.|549300MBO45EHETL4438|20230424|20230424|726403|"OD USD vs. JPY Put at a strike of 135.55"|FX|O||USDJPY||USD|CASH||N|N|||P|154500|154500|154500|154500|USD|30000000.0|30000000|30000000|0|30000000|30000000|0|30000000|1|0|1
Tradition SEF Inc.|549300MBO45EHETL4438|20230424|20230424|726404|"OD USD vs. JPY Put at a strike of 138"|FX|O||USDJPY||USD|CASH||N|N|||P|77250|77250|77250|77250|USD|30000000.0|30000000|30000000|0|30000000|30000000|0|30000000|1|0|1
Tradition SEF Inc.|549300MBO45EHETL4438|20230424|20230424|726407|"ON EUR vs. USD Call at a strike of 1.102"|FX|O||EURUSD||EUR|CASH||N|N|||P|70000|70000|70000|70000|EUR|50000000.0|50000000|55290000|0|55290000|55290000|0|55290000|1|0|1
Tradition SEF Inc.|549300MBO45EHETL4438|20230424|20230424|726409|"1W USD vs. JPY Put at a delta of 50"|FX|O||USDJPY||USD|CASH||N|N|||P|102750|102750|102750|102750|USD|1500000000|30000000|1500000000|0|1500000000|30000000|0|30000000|2|0|2
Tradition SEF Inc.|549300MBO45EHETL4438|20230424|20230424|726410|"1W USD vs. JPY Call at a delta of 50"|FX|O||USDJPY||USD|CASH||N|N|||P|100125|100125|100125|100125|USD|1500000000|30000000|1500000000|0|1500000000|30000000|0|30000000|2|0|2
Tradition SEF Inc.|549300MBO45EHETL4438|20230424|20230424|726411|"1W USD vs. JPY Put at a delta of 10"|FX|O||USDJPY||USD|CASH||N|N|||P|30375|30375|30375|30375|USD|675000000|67500000|675000000|0|675000000|67500000|0|67500000|2|0|2
Tradition SEF Inc.|549300MBO45EHETL4438|20230424|20230424|726412|"1W USD vs. JPY Call at a delta of 10"|FX|O||USDJPY||USD|CASH||N|N|||P|29531.25|29531.25|29531.25|29531.25|USD|675000000|67500000|675000000|0|675000000|67500000|0|67500000|2|0|2
Tradition SEF Inc.|549300MBO45EHETL4438|20230424|20230424|726413|"1Y USD vs. SAR Call at a strike of 3.7575"|FX|O||USDSAR||USD|CASH||N|N|||P|340000|340000|340000|340000|USD|100000000.0|100000000|100000000|0|100000000|100000000|0|100000000|1|0|1
Tradition SEF Inc.|549300MBO45EHETL4438|20230424|20230424|726414|"2W EUR vs. USD Call at a strike of 1.108"|FX|O||EURUSD||EUR|CASH||N|N|||P|123000|415000|123000|415000|EUR|130000000.0|130000000|143754000|0|143754000|143754000|0|143754000|2|0|2
Tradition SEF Inc.|549300MBO45EHETL4438|20230424|20230424|726416|"OD EUR vs. USD Put at a strike of 1.094"|FX|O||EURUSD||EUR|CASH||N|N|||P|249375|748125|249375|748125|EUR|300000000.0|300000000|331740000|0|331740000|331740000|0|331740000|2|0|2
Tradition SEF Inc.|549300MBO45EHETL4438|20230424|20230424|726419|"3M EUR vs. GBP Put at a delta of 50"|FX|O||EURGBP||EUR|CASH||N|N|||P|105250|105250|105250|105250|EUR|500000000|10000000|552900030|0|552900030|11058000|0|11058000|1|0|1
Tradition SEF Inc.|549300MBO45EHETL4438|20230424|20230424|726420|"3M EUR vs. GBP Call at a delta of 50"|FX|O||EURGBP||EUR|CASH||N|N|||P|109750|109750|109750|109750|EUR|500000000|10000000|552900030|0|552900030|11058000|0|11058000|1|0|1
Tradition SEF Inc.|549300MBO45EHETL4438|20230424|20230424|726421|"OD USD vs. MXN Put at a strike of 18.62"|FX|O||USDMXN||USD|CASH||N|N|||P|69500|69500|69500|69500|USD|20000000.0|20000000|20000000|0|20000000|20000000|0|20000000|1|0|1
Tradition SEF Inc.|549300MBO45EHETL4438|20230424|20230424|726423|"OD USD vs. CAD Put at a strike of 1.365"|FX|O||USDCAD||USD|CASH||N|N|||P|255000|595000|249750|595000|USD|130000000.0|130000000|130000000|0|130000000|130000000|0|130000000|3|0|3
Tradition SEF Inc.|549300MBO45EHETL4438|20230424|20230424|726426|"OD EUR vs. USD Call at a strike of 1.11"|FX|O||EURUSD||EUR|CASH||N|N|||P|107500|107500|107500|107500|EUR|100000000.0|100000000|110580000|0|110580000|110580000|0|110580000|2|0|2
Tradition SEF Inc.|549300MBO45EHETL4438|20230424|20230424|726428|"2M USD vs. MXN Put at a delta of 50"|FX|O||USDMXN||USD|CASH||N|N|||P|268125|268125|89375|89375|USD|1000000000|20000000|1000000000|0|1000000000|20000000|0|20000000|2|0|2
Tradition SEF Inc.|549300MBO45EHETL4438|20230424|20230424|726429|"2M USD vs. MXN Call at a delta of 50"|FX|O||USDMXN||USD|CASH||N|N|||P|268125|268125|89375|89375|USD|1000000000|20000000|1000000000|0|1000000000|20000000|0|20000000|2|0|2
Tradition SEF Inc.|549300MBO45EHETL4438|20230424|20230424|726431|"1M USD vs. CLP Put at a delta of 25"|FX|NDO||USDCLP||USD|CASH||N|N|||P|78000|78000|78000|78000|USD|1000000000|40000000|1000000000|0|1000000000|40000000|0|40000000|4|0|4
Tradition SEF Inc.|549300MBO45EHETL4438|20230424|20230424|726433|"OD USD vs. CLP Call at a strike of 815.5"|FX|NDO||USDCLP||USD|CASH||N|N|||P|238000|238000|238000|238000|USD|20000000.0|20000000|20000000|0|20000000|20000000|0|20000000|1|0|1
Tradition SEF Inc.|549300MBO45EHETL4438|20230424|20230424|726435|"3M USD vs. CLP Put at a delta of 50"|FX|NDO||USDCLP||USD|CASH||N|N|||P|328500|328500|328500|328500|USD|500000000|10000000|500000000|0|500000000|10000000|0|10000000|1|0|1
Tradition SEF Inc.|549300MBO45EHETL4438|20230424|20230424|726436|"3M USD vs. CLP Call at a delta of 50"|FX|NDO||USDCLP||USD|CASH||N|N|||P|328500|328500|328500|328500|USD|500000000|10000000|500000000|0|500000000|10000000|0|10000000|1|0|1
Tradition SEF Inc.|549300MBO45EHETL4438|20230424|20230424|726438|"1W EUR vs. USD Put at a delta of 50"|FX|O||EURUSD||EUR|CASH||N|N|||P|62625|102500|62625|102500|EUR|2000000000|40000000|2211600130|0|2211600130|44232000|0|44232000|2|0|2
Tradition SEF Inc.|549300MBO45EHETL4438|20230424|20230424|726439|"1W EUR vs. USD Call at a delta of 50"|FX|O||EURUSD||EUR|CASH||N|N|||P|62625|106250|62625|106250|EUR|2000000000|40000000|2211600130|0|2211600130|44232000|0|44232000|2|0|2
Tradition SEF Inc.|549300MBO45EHETL4438|20230424|20230424|726440|"1M USD vs. JPY Put at a delta of 50"|FX|O||USDJPY||USD|CASH||N|N|||P|303750|303750|303750|303750|USD|1250000000|25000000|1250000000|0|1250000000|25000000|0|25000000|1|0|1
Tradition SEF Inc.|549300MBO45EHETL4438|20230424|20230424|726441|"1M USD vs. JPY Call at a delta of 50"|FX|O||USDJPY||USD|CASH||N|N|||P|296875|296875|296875|296875|USD|1250000000|25000000|1250000000|0|1250000000|25000000|0|25000000|1|0|1
Tradition SEF Inc.|549300MBO45EHETL4438|20230424|20230424|726442|"1M USD vs. JPY Call at a strike of 132"|FX|O||USDJPY||USD|CASH||N|N|||P|350000|350000|210000|210000|USD|80000000.0|80000000|80000000|0|80000000|80000000|0|80000000|2|0|2
Tradition SEF Inc.|549300MBO45EHETL4438|20230424|20230424|726444|"2M USD vs. JPY Put at a delta of 50"|FX|O||USDJPY||USD|CASH||N|N|||P|271875|272625|271875|272625|USD|1500000000|30000000|1500000000|0|1500000000|30000000|0|30000000|2|0|2
Tradition SEF Inc.|549300MBO45EHETL4438|20230424|20230424|726445|"2M USD vs. JPY Call at a delta of 50"|FX|O||USDJPY||USD|CASH||N|N|||P|257250|257625|257250|257625|USD|1500000000|30000000|1500000000|0|1500000000|30000000|0|30000000|2|0|2
Tradition SEF Inc.|549300MBO45EHETL4438|20230424|20230424|726446|"OD USD vs. CHF Call at a strike of 0.8875"|FX|O||USDCHF||USD|CASH||N|N|||P|92500|92500|92500|92500|USD|50000000.0|50000000|50000000|0|50000000|50000000|0|50000000|1|0|1
Tradition SEF Inc.|549300MBO45EHETL4438|20230424|20230424|726448|"OD USD vs. CAD Put at a strike of 1.357"|FX|O||USDCAD||USD|CASH||N|N|||P|23000|23000|23000|23000|USD|40000000.0|40000000|40000000|0|40000000|40000000|0|40000000|2|0|2
Tradition SEF Inc.|549300MBO45EHETL4438|20230424|20230424|726449|"OD USD vs. CAD Call at a strike of 1.342"|FX|O||USDCAD||USD|CASH||N|N|||P|5500|5500|5500|5500|USD|40000000.0|40000000|40000000|0|40000000|40000000|0|40000000|2|0|2
Tradition SEF Inc.|549300MBO45EHETL4438|20230424|20230424|726452|"OD USD vs. CAD Put at a strike of 1.36"|FX|O||USDCAD||USD|CASH||N|N|||P|157500|157500|157500|157500|USD|50000000.0|50000000|50000000|0|50000000|50000000|0|50000000|1|0|1
Tradition SEF Inc.|549300MBO45EHETL4438|20230424|20230424|726453|"OD USD vs. CAD Put at a strike of 1.36"|FX|O||USDCAD||USD|CASH||N|N|||P|178968.75|178968.75|178968.75|178968.75|USD|28750000.0|28750000|28750000|0|28750000|28750000|0|28750000|1|0|1
Tradition SEF Inc.|549300MBO45EHETL4438|20230424|20230424|726456|"OD GBP vs. USD Call at a strike of 1.261"|FX|O||GBPUSD||GBP|CASH||N|N|||P|47500|95000|47500|95000|GBP|150000000.0|150000000|187454992|0|187454992|187454992|0|187454992|2|0|2
Tradition SEF Inc.|549300MBO45EHETL4438|20230424|20230424|726458|"3M USD vs. JPY Put at a delta of 50"|FX|O||USDJPY||USD|CASH||N|N|||P|264600|264600|264600|264600|USD|612500000|12250000|612499970|0|612499970|12250000|0|12250000|1|0|1
Tradition SEF Inc.|549300MBO45EHETL4438|20230424|20230424|726459|"3M USD vs. JPY Call at a delta of 50"|FX|O||USDJPY||USD|CASH||N|N|||P|248675|248675|248675|248675|USD|612500000|12250000|612499970|0|612499970|12250000|0|12250000|1|0|1
Tradition SEF Inc.|549300MBO45EHETL4438|20230424|20230424|726460|"OD USD vs. BRL Put at a strike of 5.0655"|FX|NDO||USDBRL||USD|CASH||N|N|||P|84000|84000|84000|84000|USD|20000000.0|20000000|20000000|0|20000000|20000000|0|20000000|1|0|1
Tradition SEF Inc.|549300MBO45EHETL4438|20230424|20230424|726461|"OD USD vs. BRL Put at a strike of 5.15"|FX|NDO||USDBRL||USD|CASH||N|N|||P|48500|48500|48500|48500|USD|20000000.0|20000000|20000000|0|20000000|20000000|0|20000000|1|0|1
Tradition SEF Inc.|549300MBO45EHETL4438|20230424|20230424|726464|"1W USD vs. CLP Put at a delta of 50"|FX|NDO||USDCLP||USD|CASH||N|N|||P|239375|239375|239375|239375|USD|1250000000|25000000|1250000000|0|1250000000|25000000|0|25000000|1|0|1
Tradition SEF Inc.|549300MBO45EHETL4438|20230424|20230424|726465|"1W USD vs. CLP Call at a delta of 50"|FX|NDO||USDCLP||USD|CASH||N|N|||P|239375|239375|239375|239375|USD|1250000000|25000000|1250000000|0|1250000000|25000000|0|25000000|1|0|1
Tradition SEF Inc.|549300MBO45EHETL4438|20230424|20230424|726466|"1M USD vs. CLP Put at a delta of 50"|FX|NDO||USDCLP||USD|CASH||N|N|||P|483125|483125|483125|483125|USD|1250000000|25000000|1250000000|0|1250000000|25000000|0|25000000|1|0|1
Tradition SEF Inc.|549300MBO45EHETL4438|20230424|20230424|726467|"1M USD vs. CLP Call at a delta of 50"|FX|NDO||USDCLP||USD|CASH||N|N|||P|483125|483125|483125|483125|USD|1250000000|25000000|1250000000|0|1250000000|25000000|0|25000000|1|0|1
Tradition SEF Inc.|549300MBO45EHETL4438|20230424|20230424|726470|"OD USD vs. CHF Put at a strike of 0.896"|FX|O||USDCHF||USD|CASH||N|N|||P|7500|7500|5000|5000|USD|50000000.0|50000000|50000000|0|50000000|50000000|0|50000000|2|0|2
Tradition SEF Inc.|549300MBO45EHETL4438|20230424|20230424|726472|"9M USD vs. CAD Call at a strike of 1.463"|FX|O||USDCAD||USD|CASH||N|N|||P|150141|150141|150141|150141|USD|46700000.0|46700000|46700000|0|46700000|46700000|0|46700000|1|0|1
Tradition SEF Inc.|549300MBO45EHETL4438|20230424|20230424|726473|"9M USD vs. CAD Put at a strike of 1.2435"|FX|O||USDCAD||USD|CASH||N|N|||P|147339|147339|147339|147339|USD|46700000.0|46700000|46700000|0|46700000|46700000|0|46700000|1|0|1
Tradition SEF Inc.|549300MBO45EHETL4438|20230424|20230424|726474|"9M USD vs. CAD Call at a strike of 1.3455"|FX|O||USDCAD||USD|CASH||N|N|||P|471680|471680|471680|471680|USD|20000000.0|20000000|20000000|0|20000000|20000000|0|20000000|1|0|1
Tradition SEF Inc.|549300MBO45EHETL4438|20230424|20230424|726475|"9M USD vs. CAD Put at a strike of 1.3455"|FX|O||USDCAD||USD|CASH||N|N|||P|442000|442000|442000|442000|USD|20000000.0|20000000|20000000|0|20000000|20000000|0|20000000|1|0|1
Tradition SEF Inc.|549300MBO45EHETL4438|20230424|20230424|726476|"OD USD vs. MXN Put at a strike of 18.2"|FX|O||USDMXN||USD|CASH||N|N|||P|67000|67000|67000|67000|USD|40000000.0|40000000|40000000|0|40000000|40000000|0|40000000|2|0|2
Tradition SEF Inc.|549300MBO45EHETL4438|20230424|20230424|726477|"OD USD vs. MXN Put at a strike of 18.4"|FX|O||USDMXN||USD|CASH||N|N|||P|38000|38000|38000|38000|USD|40000000.0|40000000|40000000|0|40000000|40000000|0|40000000|2|0|2
Tradition SEF Inc.|549300MBO45EHETL4438|20230424|20230424|726479|"3M USD vs. CAD Put at a delta of 50"|FX|O||USDCAD||USD|CASH||N|N|||P|63875|76650|63875|76650|USD|550000000|11000000|550000000|0|550000000|11000000|0|11000000|2|0|2
Tradition SEF Inc.|549300MBO45EHETL4438|20230424|20230424|726480|"3M USD vs. CAD Call at a delta of 50"|FX|O||USDCAD||USD|CASH||N|N|||P|61625|73950|61625|73950|USD|550000000|11000000|550000000|0|550000000|11000000|0|11000000|2|0|2
Tradition SEF Inc.|549300MBO45EHETL4438|20230424|20230424|726481|"1M USD vs. CAD Put at a delta of 50"|FX|O||USDCAD||USD|CASH||N|N|||P|71500|71500|71500|71500|USD|500000000|10000000|500000000|0|500000000|10000000|0|10000000|1|0|1
Tradition SEF Inc.|549300MBO45EHETL4438|20230424|20230424|726482|"1M USD vs. CAD Call at a delta of 50"|FX|O||USDCAD||USD|CASH||N|N|||P|69250|69250|69250|69250|USD|500000000|10000000|500000000|0|500000000|10000000|0|10000000|1|0|1
Tradition SEF Inc.|549300MBO45EHETL4438|20230424|20230424|726483|"ON USD vs. BRL Call at a strike of 5.01"|FX|NDO||USDBRL||USD|CASH||N|N|||P|7250|7250|7250|7250|USD|20000000.0|20000000|20000000|0|20000000|20000000|0|20000000|2|0|2
Tradition SEF Inc.|549300MBO45EHETL4438|20230424|20230424|726485|"OD USD vs. BRL Call at a strike of 5"|FX|NDO||USDBRL||USD|CASH||N|N|||P|54500|54500|54500|54500|USD|20000000.0|20000000|20000000|0|20000000|20000000|0|20000000|1|0|1
Tradition SEF Inc.|549300MBO45EHETL4438|20230424|20230424|726486|"OD USD vs. BRL Call at a strike of 5"|FX|NDO||USDBRL||USD|CASH||N|N|||P|72500|72500|72500|72500|USD|20000000.0|20000000|20000000|0|20000000|20000000|0|20000000|1|0|1
Tradition SEF Inc.|549300MBO45EHETL4438|20230424|20230424|726489|"1M EUR vs. USD Put at a delta of 50"|FX|O||EURUSD||EUR|CASH||N|N|||P|245000|490000|245000|490000|EUR|8125000000|162500000|8984625200|0|8984625200|179692512|0|179692512|4|0|4
Tradition SEF Inc.|549300MBO45EHETL4438|20230424|20230424|726490|"1M EUR vs. USD Call at a delta of 50"|FX|O||EURUSD||EUR|CASH||N|N|||P|235625|471250|235625|471250|EUR|8125000000|162500000|8984625200|0|8984625200|179692512|0|179692512|4|0|4
Tradition SEF Inc.|549300MBO45EHETL4438|20230424|20230424|726491|"1M EUR vs. USD Call at a strike of 1.13"|FX|O||EURUSD||EUR|CASH||N|N|||P|170925|255850|170925|255850|EUR|198500000.0|198500000|219501312|0|219501312|219501312|0|219501312|2|0|2
Tradition SEF Inc.|549300MBO45EHETL4438|20230424|20230424|726493|"3M USD vs. BRL Put at a delta of 50"|FX|NDO||USDBRL||USD|CASH||N|N|||P|319750|319750|319750|319750|USD|500000000|10000000|500000000|0|500000000|10000000|0|10000000|1|0|1
Tradition SEF Inc.|549300MBO45EHETL4438|20230424|20230424|726494|"3M USD vs. BRL Call at a delta of 50"|FX|NDO||USDBRL||USD|CASH||N|N|||P|319750|319750|319750|319750|USD|500000000|10000000|500000000|0|500000000|10000000|0|10000000|1|0|1
Tradition SEF Inc.|549300MBO45EHETL4438|20230424|20230424|726495|"3M USD vs. BRL Put at a delta of 10"|FX|NDO||USDBRL||USD|CASH||N|N|||P|125250|125250|125250|125250|USD|300000000|30000000|300000000|0|300000000|30000000|0|30000000|1|0|1
Tradition SEF Inc.|549300MBO45EHETL4438|20230424|20230424|726496|"3M USD vs. BRL Call at a delta of 10"|FX|NDO||USDBRL||USD|CASH||N|N|||P|121500|121500|121500|121500|USD|300000000|30000000|300000000|0|300000000|30000000|0|30000000|1|0|1
Tradition SEF Inc.|549300MBO45EHETL4438|20230424|20230424|726498|"1M EUR vs. USD Call at a strike of 1.1325"|FX|O||EURUSD||EUR|CASH||N|N|||P|315450|315450|315450|315450|EUR|350500000.0|350500000|387582912|0|387582912|387582912|0|387582912|2|0|2
Tradition SEF Inc.|549300MBO45EHETL4438|20230424|20230424|726499|"1Y USD vs. BRL Put at a delta of 50"|FX|NDO||USDBRL||USD|CASH||N|N|||P|652500|652500|652500|652500|USD|500000000|10000000|500000000|0|500000000|10000000|0|10000000|1|0|1
Tradition SEF Inc.|549300MBO45EHETL4438|20230424|20230424|726500|"1Y USD vs. BRL Call at a delta of 50"|FX|NDO||USDBRL||USD|CASH||N|N|||P|652500|652500|652500|652500|USD|500000000|10000000|500000000|0|500000000|10000000|0|10000000|1|0|1
Tradition SEF Inc.|549300MBO45EHETL4438|20230424|20230424|726501|"1Y USD vs. BRL Put at a delta of 10"|FX|NDO||USDBRL||USD|CASH||N|N|||P|262500|262500|262500|262500|USD|300000000|30000000|300000000|0|300000000|30000000|0|30000000|1|0|1
Tradition SEF Inc.|549300MBO45EHETL4438|20230424|20230424|726502|"1Y USD vs. BRL Call at a delta of 10"|FX|NDO||USDBRL||USD|CASH||N|N|||P|248250|248250|248250|248250|USD|300000000|30000000|300000000|0|300000000|30000000|0|30000000|1|0|1
Tradition SEF Inc.|549300MBO45EHETL4438|20230424|20230424|726504|"6M USD vs. BRL Put at a delta of 50"|FX|NDO||USDBRL||USD|CASH||N|N|||P|690375|690375|690375|690375|USD|750000000|15000000|750000000|0|750000000|15000000|0|15000000|1|0|1
Tradition SEF Inc.|549300MBO45EHETL4438|20230424|20230424|726505|"6M USD vs. BRL Call at a delta of 50"|FX|NDO||USDBRL||USD|CASH||N|N|||P|690375|690375|690375|690375|USD|750000000|15000000|750000000|0|750000000|15000000|0|15000000|1|0|1
Tradition SEF Inc.|549300MBO45EHETL4438|20230424|20230424|726506|"6M USD vs. BRL Put at a delta of 10"|FX|NDO||USDBRL||USD|CASH||N|N|||P|273375|273375|273375|273375|USD|450000000|45000000|450000000|0|450000000|45000000|0|45000000|1|0|1
Tradition SEF Inc.|549300MBO45EHETL4438|20230424|20230424|726507|"6M USD vs. BRL Call at a delta of 10"|FX|NDO||USDBRL||USD|CASH||N|N|||P|263250|263250|263250|263250|USD|450000000|45000000|450000000|0|450000000|45000000|0|45000000|1|0|1
Tradition SEF Inc.|549300MBO45EHETL4438|20230424|20230424|726509|"ON USD vs. CAD Put at a delta of 50"|FX|O||USDCAD||USD|CASH||N|N|||P|5375|5375|5375|5375|USD|250000000|5000000|250000000|0|250000000|5000000|0|5000000|1|0|1
Tradition SEF Inc.|549300MBO45EHETL4438|20230424|20230424|726510|"ON USD vs. CAD Call at a delta of 50"|FX|O||USDCAD||USD|CASH||N|N|||P|5125|5125|5125|5125|USD|250000000|5000000|250000000|0|250000000|5000000|0|5000000|1|0|1
Tradition SEF Inc.|549300MBO45EHETL4438|20230424|20230424|1W_USDBRL_NDF|"1 Week Non-Deliverable Forward - United States Dollar and Brazilian Real"|FX|NDF||USDBRL||USD|CASH||N|N|||O|5.058|5.058|5.045|5.045|USD|145000000.0|145000000|145000000|0|145000000|145000000|0|145000000|3|0|3
Tradition SEF Inc.|549300MBO45EHETL4438|20230424|20230424|39D_USDBRL_NDF|"39 Day Non-Deliverable Forward - United States Dollar and Brazilian Real"|FX|NDF||USDBRL||USD|CASH||N|N|||O|5.0893|5.0893|5.0762|5.0762|USD|145000000.0|145000000|145000000|0|145000000|145000000|0|145000000|3|0|3
Tradition SEF Inc.|549300MBO45EHETL4438|20230424|20230424|SN_USDCLP_NDF|"Spot Next Non-Deliverable Forward - United States Dollar and Chilean Peso"|FX|NDF||USDCLP||USD|CASH||N|N|||O|817.5|817.5|817.5|817.5|USD|5500000.0|5500000|5500000|0|5500000|5500000|0|5500000|1|0|1
Tradition SEF Inc.|549300MBO45EHETL4438|20230424|20230424|4D_USDCLP_NDF|"4 Day Non-Deliverable Forward - United States Dollar and Chilean Peso"|FX|NDF||USDCLP||USD|CASH||N|N|||O|817.5|817.5|816|816|USD|195000000.0|195000000|195000000|0|195000000|195000000|0|195000000|7|0|7
Tradition SEF Inc.|549300MBO45EHETL4438|20230424|20230424|1W_USDCLP_NDF|"1 Week Non-Deliverable Forward - United States Dollar and Chilean Peso"|FX|NDF||USDCLP||USD|CASH||N|N|||O|814.95|818|814.95|818|USD|116000000.0|116000000|116000000|0|116000000|116000000|0|116000000|4|0|4
Tradition SEF Inc.|549300MBO45EHETL4438|20230424|20230424|8D_USDCLP_NDF|"8 Day Non-Deliverable Forward - United States Dollar and Chilean Peso"|FX|NDF||USDCLP||USD|CASH||N|N|||O|814.5|814.5|814.5|814.5|USD|40000000.0|40000000|40000000|0|40000000|40000000|0|40000000|2|0|2
Tradition SEF Inc.|549300MBO45EHETL4438|20230424|20230424|10D_USDCLP_NDF|"10 Day Non-Deliverable Forward - United States Dollar and Chilean Peso"|FX|NDF||USDCLP||USD|CASH||N|N|||O|816|816|816|816|USD|4000000.0|4000000|4000000|0|4000000|4000000|0|4000000|1|0|1
Tradition SEF Inc.|549300MBO45EHETL4438|20230424|20230424|2W_USDCLP_NDF|"2 Week Non-Deliverable Forward - United States Dollar and Chilean Peso"|FX|NDF||USDCLP||USD|CASH||N|N|||O|817.5|817.5|817.48|817.48|USD|40000000.0|40000000|40000000|0|40000000|40000000|0|40000000|2|0|2
Tradition SEF Inc.|549300MBO45EHETL4438|20230424|20230424|18D_USDCLP_NDF|"18 Day Non-Deliverable Forward - United States Dollar and Chilean Peso"|FX|NDF||USDCLP||USD|CASH||N|N|||O|815.5|815.5|815.5|815.5|USD|25600000.0|25600000|25600000|0|25600000|25600000|0|25600000|1|0|1
Tradition SEF Inc.|549300MBO45EHETL4438|20230424|20230424|21D_USDCLP_NDF|"21 Day Non-Deliverable Forward - United States Dollar and Chilean Peso"|FX|NDF||USDCLP||USD|CASH||N|N|||O|815.63|817|815.63|817|USD|56100000.0|56100000|56100000|0|56100000|56100000|0|56100000|3|0|3
Tradition SEF Inc.|549300MBO45EHETL4438|20230424|20230424|3W_USDCLP_NDF|"3 Week Non-Deliverable Forward - United States Dollar and Chilean Peso"|FX|NDF||USDCLP||USD|CASH||N|N|||O|817.65|817.65|817.65|817.65|USD|4000000.0|4000000|4000000|0|4000000|4000000|0|4000000|1|0|1
Tradition SEF Inc.|549300MBO45EHETL4438|20230424|20230424|28D_USDCLP_NDF|"28 Day Non-Deliverable Forward - United States Dollar and Chilean Peso"|FX|NDF||USDCLP||USD|CASH||N|N|||O|817|817|817|817|USD|38000000.0|38000000|38000000|0|38000000|38000000|0|38000000|3|0|3
Tradition SEF Inc.|549300MBO45EHETL4438|20230424|20230424|4W_USDCLP_NDF|"4 Week Non-Deliverable Forward - United States Dollar and Chilean Peso"|FX|NDF||USDCLP||USD|CASH||N|N|||O|817.5|817.5|817.5|817.5|USD|38000000.0|38000000|38000000|0|38000000|38000000|0|38000000|3|0|3
Tradition SEF Inc.|549300MBO45EHETL4438|20230424|20230424|1M_USDCLP_NDF|"1 Month Non-Deliverable Forward - United States Dollar and Chilean Peso"|FX|NDF||USDCLP||USD|CASH||N|N|||O|820.95|821.2|818|821.1|USD|281000000.0|281000000|281000000|0|281000000|281000000|0|281000000|11|0|11
Tradition SEF Inc.|549300MBO45EHETL4438|20230424|20230424|4M_USDCLP_NDF|"4 Month Non-Deliverable Forward - United States Dollar and Chilean Peso"|FX|NDF||USDCLP||USD|CASH||N|N|||O|827.8|827.8|827.8|827.8|USD|10000000.0|10000000|10000000|0|10000000|10000000|0|10000000|1|0|1
Tradition SEF Inc.|549300MBO45EHETL4438|20230424|20230424|12M_USDCLP_NDF|"12 Month Non-Deliverable Forward - United States Dollar and Chilean Peso"|FX|NDF||USDCLP||USD|CASH||N|N|||O|849.5|849.5|849.5|849.5|USD|10000000.0|10000000|10000000|0|10000000|10000000|0|10000000|1|0|1
Tradition SEF Inc.|549300MBO45EHETL4438|20230424|20230424|SN_USDCOP_NDF|"Spot Next Non-Deliverable Forward - United States Dollar and Colombian Peso"|FX|NDF||USDCOP||USD|CASH||N|N|||O|4477|4490|4477|4485|USD|96200000.0|96200000|96200000|0|96200000|96200000|0|96200000|9|0|9
Tradition SEF Inc.|549300MBO45EHETL4438|20230424|20230424|4D_USDCOP_NDF|"4 Day Non-Deliverable Forward - United States Dollar and Colombian Peso"|FX|NDF||USDCOP||USD|CASH||N|N|||O|4495|4495|4464|4464|USD|27700000.0|27700000|27700000|0|27700000|27700000|0|27700000|3|0|3
Tradition SEF Inc.|549300MBO45EHETL4438|20230424|20230424|1W_USDCOP_NDF|"1 Week Non-Deliverable Forward - United States Dollar and Colombian Peso"|FX|NDF||USDCOP||USD|CASH||N|N|||O|4479.24|4479.24|4458|4471.24|USD|25000000.0|25000000|25000000|0|25000000|25000000|0|25000000|3|0|3
Tradition SEF Inc.|549300MBO45EHETL4438|20230424|20230424|10D_USDCOP_NDF|"10 Day Non-Deliverable Forward - United States Dollar and Colombian Peso"|FX|NDF||USDCOP||USD|CASH||N|N|||O|4485.45|4485.45|4485.45|4485.45|USD|50000000.0|50000000|50000000|0|50000000|50000000|0|50000000|1|0|1
Tradition SEF Inc.|549300MBO45EHETL4438|20230424|20230424|11D_USDCOP_NDF|"11 Day Non-Deliverable Forward - United States Dollar and Colombian Peso"|FX|NDF||USDCOP||USD|CASH||N|N|||O|4502.47|4502.47|4486.51|4486.51|USD|55000000.0|55000000|55000000|0|55000000|55000000|0|55000000|2|0|2
Tradition SEF Inc.|549300MBO45EHETL4438|20230424|20230424|18D_USDCOP_NDF|"18 Day Non-Deliverable Forward - United States Dollar and Colombian Peso"|FX|NDF||USDCOP||USD|CASH||N|N|||O|4500.35|4500.35|4500.35|4500.35|USD|200000.0|200000|200000|0|200000|200000|0|200000|1|0|1
Tradition SEF Inc.|549300MBO45EHETL4438|20230424|20230424|21D_USDCOP_NDF|"21 Day Non-Deliverable Forward - United States Dollar and Colombian Peso"|FX|NDF||USDCOP||USD|CASH||N|N|||O|4471.55|4471.55|4471.55|4471.55|USD|10000000.0|10000000|10000000|0|10000000|10000000|0|10000000|1|0|1
Tradition SEF Inc.|549300MBO45EHETL4438|20230424|20230424|1M_USDCOP_NDF|"1 Month Non-Deliverable Forward - United States Dollar and Colombian Peso"|FX|NDF||USDCOP||USD|CASH||N|N|||O|4507.25|4520.25|4493.23|4493.23|USD|125700000.0|125700000|125700000|0|125700000|125700000|0|125700000|10|0|10
Tradition SEF Inc.|549300MBO45EHETL4438|20230424|20230424|3M_USDCOP_NDF|"3 Month Non-Deliverable Forward - United States Dollar and Colombian Peso"|FX|NDF||USDCOP||USD|CASH||N|N|||O|4573.25|4573.25|4573.25|4573.25|USD|80000000.0|80000000|80000000|0|80000000|80000000|0|80000000|1|0|1
Tradition SEF Inc.|549300MBO45EHETL4438|20230424|20230424|6M_USDCOP_NDF|"6 Month Non-Deliverable Forward - United States Dollar and Colombian Peso"|FX|NDF||USDCOP||USD|CASH||N|N|||O|4662|4662|4660.95|4660.95|USD|90000000.0|90000000|90000000|0|90000000|90000000|0|90000000|2|0|2
Tradition SEF Inc.|549300MBO45EHETL4438|20230424|20230424|12M_USDCOP_NDF|"12 Month Non-Deliverable Forward - United States Dollar and Colombian Peso"|FX|NDF||USDCOP||USD|CASH||N|N|||O|4808.5|4808.5|4808.5|4808.5|USD|5000000.0|5000000|5000000|0|5000000|5000000|0|5000000|1|0|1
Tradition SEF Inc.|549300MBO45EHETL4438|20230424|20230424|4W_USDINR_NDF|"4 Week Non-Deliverable Forward - United States Dollar and Indian Rupee"|FX|NDF||USDINR||USD|CASH||N|N|||O|82|82|82|82|USD|100000000.0|100000000|100000000|0|100000000|100000000|0|100000000|1|0|1
Tradition SEF Inc.|549300MBO45EHETL4438|20230424|20230424|29D_USDINR_NDF|"29 Day Non-Deliverable Forward - United States Dollar and Indian Rupee"|FX|NDF||USDINR||USD|CASH||N|N|||O|81.9963|81.9963|81.9963|81.9963|USD|100000000.0|100000000|100000000|0|100000000|100000000|0|100000000|1|0|1
Tradition SEF Inc.|549300MBO45EHETL4438|20230424|20230424|SN_USDKRW_NDF|"Spot Next Non-Deliverable Forward - United States Dollar and South Korean Won"|FX|NDF||USDKRW||USD|CASH||N|N|||O|1334.63|1335.38|1334.63|1335.38|USD|33000000.0|33000000|33000000|0|33000000|33000000|0|33000000|4|0|4
Tradition SEF Inc.|549300MBO45EHETL4438|20230424|20230424|36D_USDKRW_NDF|"36 Day Non-Deliverable Forward - United States Dollar and South Korean Won"|FX|NDF||USDKRW||USD|CASH||N|N|||O|1332.25|1333|1332.25|1333|USD|33000000.0|33000000|33000000|0|33000000|33000000|0|33000000|4|0|4
Tradition SEF Inc.|549300MBO45EHETL4438|20230424|20230424|SN_USDMYR_NDF|"Spot Next Non-Deliverable Forward - United States Dollar and Malaysian Ringgit"|FX|NDF||USDMYR||USD|CASH||N|N|||O|4.44|4.44|4.44|4.44|USD|44500000.0|44500000|44500000|0|44500000|44500000|0|44500000|4|0|4
Tradition SEF Inc.|549300MBO45EHETL4438|20230424|20230424|4D_USDMYR_NDF|"4 Day Non-Deliverable Forward - United States Dollar and Malaysian Ringgit"|FX|NDF||USDMYR||USD|CASH||N|N|||O|4.4393|4.4393|4.437|4.437|USD|40000000.0|40000000|40000000|0|40000000|40000000|0|40000000|3|0|3
Tradition SEF Inc.|549300MBO45EHETL4438|20230424|20230424|11D_USDMYR_NDF|"11 Day Non-Deliverable Forward - United States Dollar and Malaysian Ringgit"|FX|NDF||USDMYR||USD|CASH||N|N|||O|4.4352|4.4352|4.4352|4.4352|USD|2500000.0|2500000|2500000|0|2500000|2500000|0|2500000|1|0|1
Tradition SEF Inc.|549300MBO45EHETL4438|20230424|20230424|14D_USDMYR_NDF|"14 Day Non-Deliverable Forward - United States Dollar and Malaysian Ringgit"|FX|NDF||USDMYR||USD|CASH||N|N|||O|4.4345|4.4345|4.4345|4.4345|USD|10000000.0|10000000|10000000|0|10000000|10000000|0|10000000|1|0|1
Tradition SEF Inc.|549300MBO45EHETL4438|20230424|20230424|5W_USDMYR_NDF|"5 Week Non-Deliverable Forward - United States Dollar and Malaysian Ringgit"|FX|NDF||USDMYR||USD|CASH||N|N|||O|4.428|4.428|4.428|4.428|USD|8000000.0|8000000|8000000|0|8000000|8000000|0|8000000|1|0|1
Tradition SEF Inc.|549300MBO45EHETL4438|20230424|20230424|TN_USDPEN_NDF|"Tomorrow Next Non-Deliverable Forward - United States Dollar and Peruvian Nuevo Sol"|FX|NDF||USDPEN||USD|CASH||N|N|||O|3.765|3.765|3.765|3.765|USD|1000000.0|1000000|1000000|0|1000000|1000000|0|1000000|1|0|1
Tradition SEF Inc.|549300MBO45EHETL4438|20230424|20230424|SN_USDPEN_NDF|"Spot Next Non-Deliverable Forward - United States Dollar and Peruvian Nuevo Sol"|FX|NDF||USDPEN||USD|CASH||N|N|||O|3.76|3.76|3.752|3.752|USD|21000000.0|21000000|21000000|0|21000000|21000000|0|21000000|2|0|2
Tradition SEF Inc.|549300MBO45EHETL4438|20230424|20230424|1W_USDPEN_NDF|"1 Week Non-Deliverable Forward - United States Dollar and Peruvian Nuevo Sol"|FX|NDF||USDPEN||USD|CASH||N|N|||O|3.76|3.76|3.76|3.76|USD|30000000.0|30000000|30000000|0|30000000|30000000|0|30000000|1|0|1
Tradition SEF Inc.|549300MBO45EHETL4438|20230424|20230424|11D_USDPEN_NDF|"11 Day Non-Deliverable Forward - United States Dollar and Peruvian Nuevo Sol"|FX|NDF||USDPEN||USD|CASH||N|N|||O|3.761|3.761|3.761|3.761|USD|34500000.0|34500000|34500000|0|34500000|34500000|0|34500000|2|0|2
Tradition SEF Inc.|549300MBO45EHETL4438|20230424|20230424|2W_USDPEN_NDF|"2 Week Non-Deliverable Forward - United States Dollar and Peruvian Nuevo Sol"|FX|NDF||USDPEN||USD|CASH||N|N|||O|3.762|3.762|3.762|3.762|USD|10000000.0|10000000|10000000|0|10000000|10000000|0|10000000|1|0|1
Tradition SEF Inc.|549300MBO45EHETL4438|20230424|20230424|4W_USDPEN_NDF|"4 Week Non-Deliverable Forward - United States Dollar and Peruvian Nuevo Sol"|FX|NDF||USDPEN||USD|CASH||N|N|||O|3.7658|3.7658|3.7656|3.7656|USD|34500000.0|34500000|34500000|0|34500000|34500000|0|34500000|2|0|2
Tradition SEF Inc.|549300MBO45EHETL4438|20230424|20230424|1M_USDPEN_NDF|"1 Month Non-Deliverable Forward - United States Dollar and Peruvian Nuevo Sol"|FX|NDF||USDPEN||USD|CASH||N|N|||O|3.7725|3.7725|3.7591|3.7591|USD|22000000.0|22000000|22000000|0|22000000|22000000|0|22000000|3|0|3
Tradition SEF Inc.|549300MBO45EHETL4438|20230424|20230424|38D_USDPEN_NDF|"38 Day Non-Deliverable Forward - United States Dollar and Peruvian Nuevo Sol"|FX|NDF||USDPEN||USD|CASH||N|N|||O|3.7676|3.7676|3.7676|3.7676|USD|30000000.0|30000000|30000000|0|30000000|30000000|0|30000000|1|0|1
Tradition SEF Inc.|549300MBO45EHETL4438|20230424|20230424|39D_USDPEN_NDF|"39 Day Non-Deliverable Forward - United States Dollar and Peruvian Nuevo Sol"|FX|NDF||USDPEN||USD|CASH||N|N|||O|3.7676|3.7676|3.7676|3.7676|USD|10000000.0|10000000|10000000|0|10000000|10000000|0|10000000|1|0|1
Tradition SEF Inc.|549300MBO45EHETL4438|20230424|20230424|SN_USDTWD_NDF|"Spot Next Non-Deliverable Forward - United States Dollar and Taiwan New Dollar"|FX|NDF||USDTWD||USD|CASH||N|N|||O|30.64|30.655|30.64|30.655|USD|148000000.0|148000000|148000000|0|148000000|148000000|0|148000000|9|0|9
Tradition SEF Inc.|549300MBO45EHETL4438|20230424|20230424|4D_USDTWD_NDF|"4 Day Non-Deliverable Forward - United States Dollar and Taiwan New Dollar"|FX|NDF||USDTWD||USD|CASH||N|N|||O|30.647|30.656|30.646|30.656|USD|26000000.0|26000000|26000000|0|26000000|26000000|0|26000000|3|0|3
Tradition SEF Inc.|549300MBO45EHETL4438|20230424|20230424|1W_USDTWD_NDF|"1 Week Non-Deliverable Forward - United States Dollar and Taiwan New Dollar"|FX|NDF||USDTWD||USD|CASH||N|N|||O|30.63|30.63|30.63|30.63|USD|20000000.0|20000000|20000000|0|20000000|20000000|0|20000000|1|0|1
Tradition SEF Inc.|549300MBO45EHETL4438|20230424|20230424|1M_USDTWD_NDF|"1 Month Non-Deliverable Forward - United States Dollar and Taiwan New Dollar"|FX|NDF||USDTWD||USD|CASH||N|N|||O|30.555|30.57|30.555|30.57|USD|120000000.0|120000000|120000000|0|120000000|120000000|0|120000000|3|0|3
Tradition SEF Inc.|549300MBO45EHETL4438|20230424|20230424|36D_USDTWD_NDF|"36 Day Non-Deliverable Forward - United States Dollar and Taiwan New Dollar"|FX|NDF||USDTWD||USD|CASH||N|N|||O|30.55|30.56|30.55|30.555|USD|125000000.0|125000000|125000000|0|125000000|125000000|0|125000000|7|0|7
Tradition SEF Inc.|549300MBO45EHETL4438|20230424|20230424|2M_USDTWD_NDF|"2 Month Non-Deliverable Forward - United States Dollar and Taiwan New Dollar"|FX|NDF||USDTWD||USD|CASH||N|N|||O|30.47|30.47|30.47|30.47|USD|100000000.0|100000000|100000000|0|100000000|100000000|0|100000000|2|0|2
Tradition SEF Inc.|549300MBO45EHETL4438|20230424|20230424|12M_USDTWD_NDF|"12 Month Non-Deliverable Forward - United States Dollar and Taiwan New Dollar"|FX|NDF||USDTWD||USD|CASH||N|N|||O|29.375|29.375|29.37|29.37|USD|30000000.0|30000000|30000000|0|30000000|30000000|0|30000000|2|0|2
Tradition SEF Inc.|549300MBO45EHETL4438|20230424|20230424|2Y_USDTWD_NDF|"2 Year Non-Deliverable Forward - United States Dollar and Taiwan New Dollar"|FX|NDF||USDTWD||USD|CASH||N|N|||O|28.295|28.295|28.29|28.29|USD|30000000.0|30000000|30000000|0|30000000|30000000|0|30000000|2|0|2
Tradition SEF Inc.|549300MBO45EHETL4438|20230424|20230424|1M_USDVND_NDF|"1 Month Non-Deliverable Forward - United States Dollar and Vietnamese Dong"|FX|NDF||USDVND||USD|CASH||N|N|||O|23520|23520|23520|23520|USD|4000000.0|4000000|4000000|0|4000000|4000000|0|4000000|1|0|1
Tradition SEF Inc.|549300MBO45EHETL4438|20230424|20230426|USDvSOFR.L:5Y|"5Y USD vs SOFR"|IR|S|OIS|1Y_ACT/360_vs_1D_ACT/360|1D_USD-SOFR-OIS Compound|USD|CASH||N|N|LCH.Clearnet Limited|F226TOH6YD6XJB17KS62|P|3.406875|3.40983|3.38625|3.395|USD|1138000000.00000|1138000000|1138000000|1138000000|0|1138000000|1138000000|0|8|8|0
Tradition SEF Inc.|549300MBO45EHETL4438|20230424|20230426|EURv6MEB-E:4Y|"4Y EUR AB EUREX vs 6M EURIBOR"|IR|S|FF|12M_30E/360.ISDA_vs_6M_ACT/360|6M_EUR-EURIBOR|EUR|CASH||N|N|EUREX|529900LN3S50JPU47S06|P|3.315|3.315|3.314|3.314|EUR|1500000000.00000|1500000000|1658700030|1658700030|0|1658700030|1658700030|0|2|2|0
Tradition SEF Inc.|549300MBO45EHETL4438|20230424|20230426|EURv3MEURIB-AM:8Y|"8Y EUR AM vs 3M EURIBOR"|IR|S|FF|12M_30E/360.ISDA_vs_3M_ACT/360|3M_EUR-EURIBOR|EUR|CASH||N|N|LCH.Clearnet Limited|F226TOH6YD6XJB17KS62|P|3.057|3.057|3.057|3.057|EUR|100000000.00000|100000000|110580000|110580000|0|110580000|110580000|0|1|1|0
Tradition SEF Inc.|549300MBO45EHETL4438|20230424|20230426|EURv6MEURIB:6Y|"6Y EUR AB vs 6M EURIBOR"|IR|S|FF|12M_30E/360.ISDA_vs_6M_ACT/360|6M_EUR-EURIBOR|EUR|CASH||N|N|LCH.Clearnet Limited|F226TOH6YD6XJB17KS62|P|3.1913|3.207|3.1913|3.207|EUR|645000000.00000|645000000|713241020|713241020|0|713241020|713241020|0|3|3|0
Tradition SEF Inc.|549300MBO45EHETL4438|20230424|20230426|EURv3MEURIB:2Y|"2Y EUR AB vs 3M EURIBOR"|IR|S|FF|12M_30E/360.ISDA_vs_3M_ACT/360|3M_EUR-EURIBOR|EUR|CASH||N|N|LCH.Clearnet Limited|F226TOH6YD6XJB17KS62|P|3.562|3.562|3.562|3.562|EUR|120000000.00000|120000000|132696000|132696000|0|132696000|132696000|0|1|1|0
Tradition SEF Inc.|549300MBO45EHETL4438|20230424|20230426|EURv6MEURIB:2Y|"2Y EUR AB vs 6M EURIBOR"|IR|S|FF|12M_30E/360.ISDA_vs_6M_ACT/360|6M_EUR-EURIBOR|EUR|CASH||N|N|LCH.Clearnet Limited|F226TOH6YD6XJB17KS62|P|3.644|3.648|3.644|3.648|EUR|1089800000.00000|1089800000|1205100800|1205100800|0|1205100800|1205100800|0|2|2|0
Tradition SEF Inc.|549300MBO45EHETL4438|20230424|20230426|EURv3MEURIB:6Y|"6Y EUR AB vs 3M EURIBOR"|IR|S|FF|12M_30E/360.ISDA_vs_3M_ACT/360|3M_EUR-EURIBOR|EUR|CASH||N|N|LCH.Clearnet Limited|F226TOH6YD6XJB17KS62|P|3.1515|3.1515|3.1515|3.1515|EUR|45000000.00000|45000000|49761000|49761000|0|49761000|49761000|0|1|1|0
Tradition SEF Inc.|549300MBO45EHETL4438|20230424|20230426|EURv6MEURIB:25Y|"25Y EUR AB vs 6M EURIBOR"|IR|S|FF|12M_30E/360.ISDA_vs_6M_ACT/360|6M_EUR-EURIBOR|EUR|CASH||N|N|LCH.Clearnet Limited|F226TOH6YD6XJB17KS62|P|2.84|2.84|2.84|2.84|EUR|25000000.00000|25000000|27645000|27645000|0|27645000|27645000|0|1|1|0
Tradition SEF Inc.|549300MBO45EHETL4438|20230424|20230426|EURv6MEB-E:3Y|"3Y EUR AB EUREX vs 6M EURIBOR"|IR|S|FF|12M_30E/360.ISDA_vs_6M_ACT/360|6M_EUR-EURIBOR|EUR|CASH||N|N|EUREX|529900LN3S50JPU47S06|P|3.442|3.442|3.442|3.442|EUR|1314100000.00000|1314100000|1453131780|1453131780|0|1453131780|1453131780|0|1|1|0
Tradition SEF Inc.|549300MBO45EHETL4438|20230424|20230426|EURv6MEB-GADGET:5Y|"GADGET 5Y EUR AB vs 6M EURIBOR"|IR|S|FF|12M_30E/360.ISDA_vs_6M_ACT/360|6M_EUR-EURIBOR|EUR|CASH||N|N|LCH.Clearnet Limited|F226TOH6YD6XJB17KS62|P|3.19157|3.19157|3.19157|3.19157|EUR|50000000.00000|50000000|55290000|55290000|0|55290000|55290000|0|1|1|0
Tradition SEF Inc.|549300MBO45EHETL4438|20230424|20230426|EURvESTR.L:9Y|"9Y EUR vs ESTR [LCH]"|IR||||||||N|N|LCH.Clearnet Limited|F226TOH6YD6XJB17KS62|P|2.8805|2.8805|2.88|2.88||150000000.00000|150000000|150000000|150000000|0|150000000|150000000|0|2|2|0
Tradition SEF Inc.|549300MBO45EHETL4438|20230424|20230426|EURv6MEB-GADGET:10Y|"GADGET 10Y EUR AB vs 6M EURIBOR"|IR|S|FF|12M_30E/360.ISDA_vs_6M_ACT/360|6M_EUR-EURIBOR|EUR|CASH||N|N|LCH.Clearnet Limited|F226TOH6YD6XJB17KS62|P|3.13174|3.13174|3.13174|3.13174|EUR|25000000.00000|25000000|27645000|27645000|0|27645000|27645000|0|1|1|0
Tradition SEF Inc.|549300MBO45EHETL4438|20230424|20230426|USDvSOFR.L:4Y|"4Y USD vs SOFR"|IR|S|OIS|1Y_ACT/360_vs_1D_ACT/360|1D_USD-SOFR-OIS Compound|USD|CASH||N|N|LCH.Clearnet Limited|F226TOH6YD6XJB17KS62|P|3.52875|3.52875|3.508125|3.52|USD|2050000000.00000|2050000000|2050000000|2050000000|0|2050000000|2050000000|0|5|5|0
Tradition SEF Inc.|549300MBO45EHETL4438|20230424|20230426|EURv3MEURIB-AM:9Y|"9Y EUR AM vs 3M EURIBOR"|IR|S|FF|12M_30E/360.ISDA_vs_3M_ACT/360|3M_EUR-EURIBOR|EUR|CASH||N|N|LCH.Clearnet Limited|F226TOH6YD6XJB17KS62|P|3.018|3.018|3.017|3.017|EUR|150000000.00000|150000000|165870000|165870000|0|165870000|165870000|0|2|2|0
Tradition SEF Inc.|549300MBO45EHETL4438|20230424|20230426|EURv3MEURIB:7Y|"7Y EUR AB vs 3M EURIBOR"|IR|S|FF|12M_30E/360.ISDA_vs_3M_ACT/360|3M_EUR-EURIBOR|EUR|CASH||N|N|LCH.Clearnet Limited|F226TOH6YD6XJB17KS62|P|3.114|3.114|3.114|3.114|EUR|100000000.00000|100000000|110580000|110580000|0|110580000|110580000|0|1|1|0
Tradition SEF Inc.|549300MBO45EHETL4438|20230424|20230426|EURv6MEURIB:5Y|"5Y EUR AB vs 6M EURIBOR"|IR|S|FF|12M_30E/360.ISDA_vs_6M_ACT/360|6M_EUR-EURIBOR|EUR|CASH||N|N|LCH.Clearnet Limited|F226TOH6YD6XJB17KS62|P|3.2475|3.2495|3.2475|3.2475|EUR|238500000.00000|238500000|263733312|263733312|0|263733312|263733312|0|2|2|0
Tradition SEF Inc.|549300MBO45EHETL4438|20230424|20230426|EURv3MEURIB:3Y|"3Y EUR AB vs 3M EURIBOR"|IR|S|FF|12M_30E/360.ISDA_vs_3M_ACT/360|3M_EUR-EURIBOR|EUR|CASH||N|N|LCH.Clearnet Limited|F226TOH6YD6XJB17KS62|P|3.3665|3.3665|3.3665|3.3665|EUR|82000000.00000|82000000|90675600|90675600|0|90675600|90675600|0|1|1|0
Tradition SEF Inc.|549300MBO45EHETL4438|20230424|20230426|USDvSOFR.L:10Y|"10Y USD vs SOFR"|IR|S|OIS|1Y_ACT/360_vs_1D_ACT/360|1D_USD-SOFR-OIS Compound|USD|CASH||N|N|LCH.Clearnet Limited|F226TOH6YD6XJB17KS62|P|3.25|3.25|3.225625|3.2275|USD|381000000.00000|381000000|381000000|381000000|0|381000000|381000000|0|6|6|0
Tradition SEF Inc.|549300MBO45EHETL4438|20230424|20230426|USDvSOFR.L:30Y|"30Y USD vs SOFR"|IR|S|OIS|1Y_ACT/360_vs_1D_ACT/360|1D_USD-SOFR-OIS Compound|USD|CASH||N|N|LCH.Clearnet Limited|F226TOH6YD6XJB17KS62|P|3.0478|3.053125|3.03125|3.035|USD|155000000.00000|155000000|155000000|155000000|0|155000000|155000000|0|6|6|0
Tradition SEF Inc.|549300MBO45EHETL4438|20230424|20230426|EURvESTR.L:10Y|"10Y EUR vs ESTR [LCH]"|IR||||||||N|N|LCH.Clearnet Limited|F226TOH6YD6XJB17KS62|P|2.926|2.926|2.926|2.926||100000000.00000|100000000|100000000|100000000|0|100000000|100000000|0|1|1|0
Tradition SEF Inc.|549300MBO45EHETL4438|20230424|20230426|EURvESTR.L:2Y|"2Y EUR vs ESTR [LCH]"|IR||||||||N|N|LCH.Clearnet Limited|F226TOH6YD6XJB17KS62|P|3.3845|3.3845|3.3845|3.3845||350000000.00000|350000000|350000000|350000000|0|350000000|350000000|0|1|1|0
Tradition SEF Inc.|549300MBO45EHETL4438|20230424|20230426|USDvSOFR.L:3Y|"3Y USD vs SOFR"|IR|S|OIS|1Y_ACT/360_vs_1D_ACT/360|1D_USD-SOFR-OIS Compound|USD|CASH||N|N|LCH.Clearnet Limited|F226TOH6YD6XJB17KS62|P|3.744375|3.74625|3.72375|3.739375|USD|1345000000.00000|1345000000|1344999940|1344999940|0|1344999940|1344999940|0|5|5|0
Tradition SEF Inc.|549300MBO45EHETL4438|20230424|20230426|EURv6MEB-E:6Y|"6Y EUR AB EUREX vs 6M EURIBOR"|IR|S|FF|12M_30E/360.ISDA_vs_6M_ACT/360|6M_EUR-EURIBOR|EUR|CASH||N|N|EUREX|529900LN3S50JPU47S06|P|3.21|3.21|3.21|3.21|EUR|600000000.0|600000000|663480000|663480000|0|663480000|663480000|0|2|2|0
Tradition SEF Inc.|549300MBO45EHETL4438|20230424|20230426|EURv6MEURIB:4Y|"4Y EUR AB vs 6M EURIBOR"|IR|S|FF|12M_30E/360.ISDA_vs_6M_ACT/360|6M_EUR-EURIBOR|EUR|CASH||N|N|LCH.Clearnet Limited|F226TOH6YD6XJB17KS62|P|3.311|3.311|3.31|3.31|EUR|1500000000.00000|1500000000|1658700030|1658700030|0|1658700030|1658700030|0|2|2|0
Tradition SEF Inc.|549300MBO45EHETL4438|20230424|20230426|USDvSOFR.L:15Y|"15Y USD vs SOFR"|IR|S|OIS|1Y_ACT/360_vs_1D_ACT/360|1D_USD-SOFR-OIS Compound|USD|CASH||N|N|LCH.Clearnet Limited|F226TOH6YD6XJB17KS62|P|3.251875|3.251875|3.248125|3.248125|USD|238000000.00000|238000000|238000000|238000000|0|238000000|238000000|0|3|3|0
Tradition SEF Inc.|549300MBO45EHETL4438|20230424|20230426|EURv3MEURIB-AM:2Y|"2Y EUR AM vs 3M EURIBOR"|IR|S|FF|12M_30E/360.ISDA_vs_3M_ACT/360|3M_EUR-EURIBOR|EUR|CASH||N|N|LCH.Clearnet Limited|F226TOH6YD6XJB17KS62|P|3.4835|3.4835|3.4835|3.4835|EUR|350000000.00000|350000000|387030016|387030016|0|387030016|387030016|0|1|1|0
Tradition SEF Inc.|549300MBO45EHETL4438|20230424|20230426|EURv6MEURIB:10Y|"10Y EUR AB vs 6M EURIBOR"|IR|S|FF|12M_30E/360.ISDA_vs_6M_ACT/360|6M_EUR-EURIBOR|EUR|CASH||N|N|LCH.Clearnet Limited|F226TOH6YD6XJB17KS62|P|3.14|3.145|3.14|3.145|EUR|179100000.00000|179100000|198048784|198048784|0|198048784|198048784|0|3|3|0
Tradition SEF Inc.|549300MBO45EHETL4438|20230424|20230426|EURv6MEURIB:7Y|"7Y EUR AB vs 6M EURIBOR"|IR|S|FF|12M_30E/360.ISDA_vs_6M_ACT/360|6M_EUR-EURIBOR|EUR|CASH||N|N|LCH.Clearnet Limited|F226TOH6YD6XJB17KS62|P|3.162|3.169|3.162|3.167|EUR|450000000.00000|450000000|497610016|497610016|0|497610016|497610016|0|3|3|0
Tradition SEF Inc.|549300MBO45EHETL4438|20230424|20230426|EURv6MEURIB:3Y|"3Y EUR AB vs 6M EURIBOR"|IR|S|FF|12M_30E/360.ISDA_vs_6M_ACT/360|6M_EUR-EURIBOR|EUR|CASH||N|N|LCH.Clearnet Limited|F226TOH6YD6XJB17KS62|P|3.442|3.442|3.4415|3.4415|EUR|1396100000.00000|1396100000|1543807360|1543807360|0|1543807360|1543807360|0|2|2|0
Tradition SEF Inc.|549300MBO45EHETL4438|20230424|20230426|USDvSOFR.L:12Y|"12Y USD vs SOFR"|IR|S|OIS|1Y_ACT/360_vs_1D_ACT/360|1D_USD-SOFR-OIS Compound|USD|CASH||N|N|LCH.Clearnet Limited|F226TOH6YD6XJB17KS62|P|3.236875|3.236875|3.236875|3.236875|USD|150000000.00000|150000000|150000000|150000000|0|150000000|150000000|0|1|1|0
Tradition SEF Inc.|549300MBO45EHETL4438|20230424|20230426|USDvSOFR.L:20Y|"20Y USD vs SOFR"|IR|S|OIS|1Y_ACT/360_vs_1D_ACT/360|1D_USD-SOFR-OIS Compound|USD|CASH||N|N|LCH.Clearnet Limited|F226TOH6YD6XJB17KS62|P|3.236875|3.236875|3.21375|3.21625|USD|200000000.00000|200000000|200000000|200000000|0|200000000|200000000|0|3|3|0
Tradition SEF Inc.|549300MBO45EHETL4438|20230424|20230426|EURv6MEB-E:2Y|"2Y EUR AB EUREX vs 6M EURIBOR"|IR|S|FF|12M_30E/360.ISDA_vs_6M_ACT/360|6M_EUR-EURIBOR|EUR|CASH||N|N|EUREX|529900LN3S50JPU47S06|P|3.648|3.648|3.648|3.648|EUR|969800000.00000|969800000|1072404860|1072404860|0|1072404860|1072404860|0|1|1|0
Tradition SEF Inc.|549300MBO45EHETL4438|20230424|20230426|EURv3MEURIB-AM:10Y|"10Y EUR AM vs 3M EURIBOR"|IR|S|FF|12M_30E/360.ISDA_vs_3M_ACT/360|3M_EUR-EURIBOR|EUR|CASH||N|N|LCH.Clearnet Limited|F226TOH6YD6XJB17KS62|P|3.0685|3.0685|3.0685|3.0685|EUR|100000000.00000|100000000|110580000|110580000|0|110580000|110580000|0|1|1|0
Tradition SEF Inc.|549300MBO45EHETL4438|20230424|20230426|EURvESTR.L:8Y|"8Y EUR vs ESTR [LCH]"|IR||||||||N|N|LCH.Clearnet Limited|F226TOH6YD6XJB17KS62|P|2.918|2.918|2.918|2.918||100000000.00000|100000000|100000000|100000000|0|100000000|100000000|0|1|1|0
Tradition SEF Inc.|549300MBO45EHETL4438|20230424|20230621|3M_BSW_3M-3M_CORRA_3M-3M_USDSOFR|"3 Month Cross Currency Basis Swap - 3 Month CORRA for CAD vs. 3 Month Secured Overnight Financing Rate (USD)"|IR|S|FFL|3M_3M_ACT/365.FIXED_vs_3M_3M_ACT/360|3M_CAD-CORRA-OIS-COMPOUND_vs_3M_USD-SOFR-COMPOUND|CAD|CASH||N|N|||O|-0.09|-0.09|-0.0925|-0.0925|CAD|1750000000.0|1750000000|1293075070|0|1293075070|1293075070|0|1293075070|3|0|3
Tradition SEF Inc.|549300MBO45EHETL4438|20230424|20230426|6M_BSW_3M-3M_CORRA_3M-3M_USDSOFR|"6 Month Cross Currency Basis Swap - 3 Month CORRA for CAD vs. 3 Month Secured Overnight Financing Rate (USD)"|IR|S|FFL|3M_3M_ACT/365.FIXED_vs_3M_3M_ACT/360|3M_CAD-CORRA-OIS-COMPOUND_vs_3M_USD-SOFR-COMPOUND|CAD|CASH||N|N|||O|-0.1025|-0.1025|-0.1025|-0.1025|CAD|500000000.0|500000000|369450016|0|369450016|369450016|0|369450016|1|0|1
Tradition SEF Inc.|549300MBO45EHETL4438|20230424|20230426|4Y_BSW_3M-3M_SOFR_3M-3M_USDSOFR|"4 Year Cross Currency Basis Swap - 3 Month CNH FIXED vs USD SOFR T+2 vs. 3 Month Secured Overnight Financing Rate (USD)"|IR|S|FFL|3M_3M_ACT/360_vs_3M_3M_ACT/360|3M_CNH-HIBOR-TMA_vs_3M_USD-SOFR-COMPOUND|CNY|CASH||N|N|||O|0|0|0|0|CNY|207003000.0|207003000|30017506|0|30017506|30017506|0|30017506|1|0|1
Tradition SEF Inc.|549300MBO45EHETL4438|20230424|20230426|6M_BSW_3M-3M_EuroSTR_3M-3M_USDSOFR|"6 Month Cross Currency Basis Swap - 3 Month EuroSTR for EUR vs. 3 Month Secured Overnight Financing Rate (USD)"|IR|S|FFL|3M_3M_ACT/360_vs_3M_3M_ACT/360|3M_EUR-EuroSTR-COMPOUND_vs_3M_USD-SOFR-COMPOUND|EUR|CASH||N|N|||O|-0.2075|-0.2075|-0.2075|-0.2075|EUR|400000000.0|400000000|442320000|0|442320000|442320000|0|442320000|2|0|2
Tradition SEF Inc.|549300MBO45EHETL4438|20230424|20230426|5Y_BSW_3M-3M_EuroSTR_3M-3M_USDSOFR|"5 Year Cross Currency Basis Swap - 3 Month EuroSTR for EUR vs. 3 Month Secured Overnight Financing Rate (USD)"|IR|S|FFL|3M_3M_ACT/360_vs_3M_3M_ACT/360|3M_EUR-EuroSTR-COMPOUND_vs_3M_USD-SOFR-COMPOUND|EUR|CASH||N|N|||O|-0.26625|-0.26625|-0.26625|-0.26625|EUR|187000000.0|187000000|206784608|0|206784608|206784608|0|206784608|1|0|1
Tradition SEF Inc.|549300MBO45EHETL4438|20230424|20230426|10Y_BSW_3M-3M_EuroSTR_3M-3M_USDSOFR|"10 Year Cross Currency Basis Swap - 3 Month EuroSTR for EUR vs. 3 Month Secured Overnight Financing Rate (USD)"|IR|S|FFL|3M_3M_ACT/360_vs_3M_3M_ACT/360|3M_EUR-EuroSTR-COMPOUND_vs_3M_USD-SOFR-COMPOUND|EUR|CASH||N|N|||O|-0.27125|-0.27125|-0.27125|-0.27125|EUR|100000000.0|100000000|110580000|0|110580000|110580000|0|110580000|1|0|1
Tradition SEF Inc.|549300MBO45EHETL4438|20230424|20230621|3M_BSW_3M-3M_TONA_3M-3M_USDSOFR|"3 Month Cross Currency Basis Swap - 3 Month TONA for JPY vs. 3 Month Secured Overnight Financing Rate (USD)"|IR|S|FFL|3M_3M_ACT/365.FIXED_vs_3M_3M_ACT/360|3M_JPY-TONA-OIS-COMPOUND_vs_3M_USD-SOFR-COMPOUND|JPY|CASH||N|N|||O|-0.415|-0.415|-0.415|-0.415|JPY|200000000000.0|200000000000|1490800000|0|1490800000|1490800000|0|1490800000|2|0|2
Tradition SEF Inc.|549300MBO45EHETL4438|20230424|20230426|4Y_BSW_3M-3M_TONA_3M-3M_USDSOFR|"4 Year Cross Currency Basis Swap - 3 Month TONA for JPY vs. 3 Month Secured Overnight Financing Rate (USD)"|IR|S|FFL|3M_3M_ACT/365.FIXED_vs_3M_3M_ACT/360|3M_JPY-TONA-OIS-COMPOUND_vs_3M_USD-SOFR-COMPOUND|JPY|CASH||N|N|||O|-0.7175|-0.7175|-0.7175|-0.7175|JPY|4000000000.0|4000000000|29816000|0|29816000|29816000|0|29816000|1|0|1
Tradition SEF Inc.|549300MBO45EHETL4438|20230424|20230621|6M_BSW_6M-3M_USDLIBOR_6M-6M_USDLIBOR_LCH|"6 Month Single Currency Basis Swap - 3 Month LIBOR for USD vs. 6 Month LIBOR for USD"|IR|S|FFL|6M_3M_ACT/360_vs_6M_6M_ACT/360|3M_USD-LIBOR-BBA_vs_6M_USD-LIBOR-BBA|USD|CASH||N|N|LCH.Clearnet Limited|F226TOH6YD6XJB17KS62|O|0.13|0.13|0.13|0.13|USD|375000000.0|375000000|375000000|375000000|0|375000000|375000000|0|2|2|0
Tradition SEF Inc.|549300MBO45EHETL4438|20230424|20230426|9M_BSW_28D-1M_USDSOFR_28D-28D_TIIE|"9 Month Cross Currency Basis Swap - 1 Month Secured Overnight Financing Rate (USD) vs. 28 Day TIIE for MXN"|IR|S|FFL|28D_28D_ACT/360_vs_28D_28D_ACT/360|1M_USD-SOFR-COMPOUND_vs_28D_MXN-TIIE|USD|CASH||N|N|||O|0|0|0|0|USD|75000000.0|75000000|75000000|0|75000000|75000000|0|75000000|1|0|1
Tradition SEF Inc.|549300MBO45EHETL4438|20230424|20230426|4Y_BSW_28D-1M_USDSOFR_28D-28D_TIIE|"4 Year Cross Currency Basis Swap - 1 Month Secured Overnight Financing Rate (USD) vs. 28 Day TIIE for MXN"|IR|S|FFL|28D_28D_ACT/360_vs_28D_28D_ACT/360|1M_USD-SOFR-COMPOUND_vs_28D_MXN-TIIE|USD|CASH||N|N|||O|0|0|0|0|USD|45000000.0|45000000|45000000|0|45000000|45000000|0|45000000|2|0|2
Tradition SEF Inc.|549300MBO45EHETL4438|20230424|20230920|5M-8M_FRA_3M_EURIBOR_LCH|"5 Month by 8 Month Forward Rate Agreement - 3 Month EURIBOR for EUR"|IR|FRA||3M_ACT/360_vs_3M_3M_ACT/360|3M_EUR-EURIBOR|EUR|CASH||N|N|LCH.Clearnet Limited|F226TOH6YD6XJB17KS62|P|3.866|3.866|3.866|3.866|EUR|3250000000.0|3250000000|3593849860|3593849860|0|3593849860|3593849860|0|4|4|0
Tradition SEF Inc.|549300MBO45EHETL4438|20230424|20230529|1M-4M_FRA_3M_TELBOR_LCH|"1 Month by 4 Month Forward Rate Agreement - 3 Month TELBOR for ILS"|IR|FRA||3M_ACT/365.FIXED_vs_3M_3M_ACT/365.FIXED|3M_ILS-TELBOR01-Reuters|ILS|CASH||N|N|LCH.Clearnet Limited|F226TOH6YD6XJB17KS62|P|4.73|4.73|4.73|4.73|ILS|1520000000.0|1520000000|416017920|416017920|0|416017920|416017920|0|1|1|0
Tradition SEF Inc.|549300MBO45EHETL4438|20230424|20230627|2M-5M_FRA_3M_TELBOR_LCH|"2 Month by 5 Month Forward Rate Agreement - 3 Month TELBOR for ILS"|IR|FRA||3M_ACT/365.FIXED_vs_3M_3M_ACT/365.FIXED|3M_ILS-TELBOR01-Reuters|ILS|CASH||N|N|LCH.Clearnet Limited|F226TOH6YD6XJB17KS62|P|4.75|4.75|4.75|4.75|ILS|1520000000.0|1520000000|416017920|416017920|0|416017920|416017920|0|1|1|0
Tradition SEF Inc.|549300MBO45EHETL4438|20230424|20230626|2M-5M_FRA_3M_WIBOR_LCH|"2 Month by 5 Month Forward Rate Agreement - 3 Month WIBOR for PLN"|IR|FRA||3M_ACT/365.FIXED_vs_3M_3M_ACT/365.FIXED|3M_PLN-WIBOR-WIBO|PLN|CASH||N|N|LCH.Clearnet Limited|F226TOH6YD6XJB17KS62|P|6.86|6.86|6.86|6.86|PLN|600000000.0|600000000|144240000|144240000|0|144240000|144240000|0|1|1|0
Tradition SEF Inc.|549300MBO45EHETL4438|20230424|20230828|4M-10M_FRA_6M_WIBOR_LCH|"4 Month by 10 Month Forward Rate Agreement - 6 Month WIBOR for PLN"|IR|FRA||6M_ACT/365.FIXED_vs_6M_6M_ACT/365.FIXED|6M_PLN-WIBOR-WIBO|PLN|CASH||N|N|LCH.Clearnet Limited|F226TOH6YD6XJB17KS62|P|6.805|6.805|6.805|6.805|PLN|300000000.0|300000000|72120000|72120000|0|72120000|72120000|0|1|1|0
Tradition SEF Inc.|549300MBO45EHETL4438|20230424|20240426|12M-15M_FRA_3M_WIBOR_LCH|"12 Month by 15 Month Forward Rate Agreement - 3 Month WIBOR for PLN"|IR|FRA||3M_ACT/365.FIXED_vs_3M_3M_ACT/365.FIXED|3M_PLN-WIBOR-WIBO|PLN|CASH||N|N|LCH.Clearnet Limited|F226TOH6YD6XJB17KS62|P|6.025|6.025|6.025|6.025|PLN|625000000.0|625000000|150250000|150250000|0|150250000|150250000|0|1|1|0
Tradition SEF Inc.|549300MBO45EHETL4438|20230424|20230515|1M-2M_FRA_1M_USDLIBOR_LCH|"1 Month by 2 Month Forward Rate Agreement - 1 Month LIBOR for USD"|IR|FRA||1M_ACT/360_vs_1M_1M_ACT/360|1M_USD-LIBOR-BBA|USD|CASH||N|N|LCH.Clearnet Limited|F226TOH6YD6XJB17KS62|P|5.1175|5.1175|5.1125|5.1125|USD|9000000000.0|9000000000|8999999500|8999999500|0|8999999500|8999999500|0|3|3|0
Tradition SEF Inc.|549300MBO45EHETL4438|20230424|20230425|5Y_OIS_6M_CORRA_LCH|"5 Year Overnight Index Swap - 6 Month CORRA for CAD"|IR|S|OIS|6M_ACT/365.FIXED_vs_6M_6M_ACT/365.FIXED|6M_CAD-CORRA-OIS-COMPOUND|CAD|CASH||N|N|LCH.Clearnet Limited|F226TOH6YD6XJB17KS62|P|3.11778|3.11778|3.11778|3.11778|CAD|100000000.0|100000000|73890000|73890000|0|73890000|73890000|0|1|1|0
Tradition SEF Inc.|549300MBO45EHETL4438|20230424|20230426|2Y_OIS_3M_IBR_CME|"2 Year Overnight Index Swap - 3 Month IBR for COP"|IR|S|OIS|3M_ACT/360_vs_3M_3M_ACT/360|3M_COP-IBR-OIS-COMPOUND|COP|CASH||N|N|Chicago Mercantile Exchange|LCZ7XYGSLJUHFXXNXD88|P|10.24|10.24|10.24|10.24|COP|127500000000.0|127500000000|2854214910|2854214910|0|2854214910|2854214910|0|1|1|0
Tradition SEF Inc.|549300MBO45EHETL4438|20230424|20230426|3Y_OIS_3M_IBR_CME|"3 Year Overnight Index Swap - 3 Month IBR for COP"|IR|S|OIS|3M_ACT/360_vs_3M_3M_ACT/360|3M_COP-IBR-OIS-COMPOUND|COP|CASH||N|N|Chicago Mercantile Exchange|LCZ7XYGSLJUHFXXNXD88|P|9.36|9.36|9.36|9.36|COP|123000000000.0|123000000000|2753477890|2753477890|0|2753477890|2753477890|0|2|2|0
Tradition SEF Inc.|549300MBO45EHETL4438|20230424|20230426|5Y_OIS_3M_IBR_CME|"5 Year Overnight Index Swap - 3 Month IBR for COP"|IR|S|OIS|3M_ACT/360_vs_3M_3M_ACT/360|3M_COP-IBR-OIS-COMPOUND|COP|CASH||N|N|Chicago Mercantile Exchange|LCZ7XYGSLJUHFXXNXD88|P|8.81|8.81|8.81|8.81|COP|81000000000.0|81000000000|1813265920|1813265920|0|1813265920|1813265920|0|2|2|0
Tradition SEF Inc.|549300MBO45EHETL4438|20230424|20230426|10Y_OIS_3M_IBR_CME|"10 Year Overnight Index Swap - 3 Month IBR for COP"|IR|S|OIS|3M_ACT/360_vs_3M_3M_ACT/360|3M_COP-IBR-OIS-COMPOUND|COP|CASH||N|N|Chicago Mercantile Exchange|LCZ7XYGSLJUHFXXNXD88|P|8.79|8.79|8.79|8.79|COP|35000000000.0|35000000000|783510020|783510020|0|783510020|783510020|0|1|1|0
Tradition SEF Inc.|549300MBO45EHETL4438|20230424|20230427|2M_OIS_2M_EuroSTR_LCH|"2 Month Overnight Index Swap - 2 Month EuroSTR for EUR"|IR|S|OIS|2M_ACT/360_vs_2M_2M_ACT/360|2M_EUR-EuroSTR-COMPOUND|EUR|CASH||N|N|LCH.Clearnet Limited|F226TOH6YD6XJB17KS62|P|3.15|3.15|3.15|3.15|EUR|76300000.0|76300000|84372544|84372544|0|84372544|84372544|0|1|1|0
Tradition SEF Inc.|549300MBO45EHETL4438|20230424|20230920|3M_002_OIS_3M_EuroSTR_LCH|"3 Month Overnight Index Swap - 3 Month EuroSTR for EUR"|IR|S|OIS|3M_ACT/360_vs_3M_3M_ACT/360|3M_EUR-EuroSTR-COMPOUND|EUR|CASH||N|N|LCH.Clearnet Limited|F226TOH6YD6XJB17KS62|P|3.77|3.77|3.77|3.77|EUR|3250000000.0|3250000000|3593849860|3593849860|0|3593849860|3593849860|0|4|4|0
Tradition SEF Inc.|549300MBO45EHETL4438|20230424|20230427|3M_003_OIS_3M_EuroSTR_LCH|"3 Month Overnight Index Swap - 3 Month EuroSTR for EUR"|IR|S|OIS|3M_ACT/360_vs_3M_3M_ACT/360|3M_EUR-EuroSTR-COMPOUND|EUR|CASH||N|N|LCH.Clearnet Limited|F226TOH6YD6XJB17KS62|P|3.285|3.285|3.285|3.285|EUR|160800000.0|160800000|177812640|177812640|0|177812640|177812640|0|1|1|0
Tradition SEF Inc.|549300MBO45EHETL4438|20230424|20230426|3M_OIS_3M_EuroSTR_LCH|"3 Month Overnight Index Swap - 3 Month EuroSTR for EUR"|IR|S|OIS|3M_ACT/360_vs_3M_3M_ACT/360|3M_EUR-EuroSTR-COMPOUND|EUR|CASH||N|N|LCH.Clearnet Limited|F226TOH6YD6XJB17KS62|P|3.264|3.277|3.264|3.277|EUR|5750000000.0|5750000000|6358350300|6358350300|0|6358350300|6358350300|0|6|6|0
Tradition SEF Inc.|549300MBO45EHETL4438|20230424|20230426|1Y_OIS_1Y_EuroSTR_LCH|"1 Year Overnight Index Swap - 1 Year EuroSTR for EUR"|IR|S|OIS|1Y_ACT/360_vs_1Y_1Y_ACT/360|1Y_EUR-EuroSTR-COMPOUND|EUR|CASH||N|N|LCH.Clearnet Limited|F226TOH6YD6XJB17KS62|P|3.649|3.657|3.644|3.657|EUR|450000000.0|450000000|497610016|497610016|0|497610016|497610016|0|3|3|0
Tradition SEF Inc.|549300MBO45EHETL4438|20230424|20230426|6M_OIS_6M_TONA_JSCC|"6 Month Overnight Index Swap - 6 Month TONA for JPY"|IR|S|OIS|6M_ACT/365.FIXED_vs_6M_6M_ACT/365.FIXED|6M_JPY-TONA-OIS-COMPOUND|JPY|CASH||N|N|Japan Sec. Clearing Corp.|549300JHM7D8P3TS4S86|P|0.0025|0.0025|0.0025|0.0025|JPY|70000000000.0|70000000000|521780000|521780000|0|521780000|521780000|0|1|1|0
Tradition SEF Inc.|549300MBO45EHETL4438|20230424|20240426|1Y_002_OIS_1Y_TONA_LCH|"1 Year Overnight Index Swap - 1 Year TONA for JPY"|IR|S|OIS|1Y_ACT/365.FIXED_vs_1Y_1Y_ACT/365.FIXED|1Y_JPY-TONA-OIS-COMPOUND|JPY|CASH||N|N|LCH.Clearnet Limited|F226TOH6YD6XJB17KS62|P|0.16375|0.16375|0.16375|0.16375|JPY|80000000000.0|80000000000|596320000|596320000|0|596320000|596320000|0|3|3|0
Tradition SEF Inc.|549300MBO45EHETL4438|20230424|20230426|1Y_OIS_1Y_TONA_LCH|"1 Year Overnight Index Swap - 1 Year TONA for JPY"|IR|S|OIS|1Y_ACT/365.FIXED_vs_1Y_1Y_ACT/365.FIXED|1Y_JPY-TONA-OIS-COMPOUND|JPY|CASH||N|N|LCH.Clearnet Limited|F226TOH6YD6XJB17KS62|P|0.0325|0.0325|0.0325|0.0325|JPY|30000000000.0|30000000000|223620000|223620000|0|223620000|223620000|0|2|2|0
Tradition SEF Inc.|549300MBO45EHETL4438|20230424|20230426|2Y_OIS_1Y_TONA_JSCC|"2 Year Overnight Index Swap - 1 Year TONA for JPY"|IR|S|OIS|1Y_ACT/365.FIXED_vs_1Y_1Y_ACT/365.FIXED|1Y_JPY-TONA-OIS-COMPOUND|JPY|CASH||N|N|Japan Sec. Clearing Corp.|549300JHM7D8P3TS4S86|P|0.0825|0.0825|0.0825|0.0825|JPY|20000000000.0|20000000000|149080000|149080000|0|149080000|149080000|0|1|1|0
Tradition SEF Inc.|549300MBO45EHETL4438|20230424|20230426|2Y_OIS_1Y_TONA_LCH|"2 Year Overnight Index Swap - 1 Year TONA for JPY"|IR|S|OIS|1Y_ACT/365.FIXED_vs_1Y_1Y_ACT/365.FIXED|1Y_JPY-TONA-OIS-COMPOUND|JPY|CASH||N|N|LCH.Clearnet Limited|F226TOH6YD6XJB17KS62|P|0.09625|0.09625|0.09625|0.09625|JPY|15000000000.0|15000000000|111810000|111810000|0|111810000|111810000|0|1|1|0
Tradition SEF Inc.|549300MBO45EHETL4438|20230424|20230426|5Y_OIS_1Y_TONA_JSCC|"5 Year Overnight Index Swap - 1 Year TONA for JPY"|IR|S|OIS|1Y_ACT/365.FIXED_vs_1Y_1Y_ACT/365.FIXED|1Y_JPY-TONA-OIS-COMPOUND|JPY|CASH||N|N|Japan Sec. Clearing Corp.|549300JHM7D8P3TS4S86|P|0.27625|0.27625|0.275|0.275|JPY|13000000000.0|13000000000|96901992|96901992|0|96901992|96901992|0|4|4|0
Tradition SEF Inc.|549300MBO45EHETL4438|20230424|20230526|10Y_002_OIS_1Y_TONA_JSCC|"10 Year Overnight Index Swap - 1 Year TONA for JPY"|IR|S|OIS|1Y_ACT/365.FIXED_vs_1Y_1Y_ACT/365.FIXED|1Y_JPY-TONA-OIS-COMPOUND|JPY|CASH||N|N|Japan Sec. Clearing Corp.|549300JHM7D8P3TS4S86|P|0.653|0.653|0.653|0.653|JPY|900000000.0|900000000|6708600|6708600|0|6708600|6708600|0|1|1|0
Tradition SEF Inc.|549300MBO45EHETL4438|20230424|20300426|10Y_003_OIS_1Y_TONA_JSCC|"10 Year Overnight Index Swap - 1 Year TONA for JPY"|IR|S|OIS|1Y_ACT/365.FIXED_vs_1Y_1Y_ACT/365.FIXED|1Y_JPY-TONA-OIS-COMPOUND|JPY|CASH||N|N|Japan Sec. Clearing Corp.|549300JHM7D8P3TS4S86|P|1.367|1.367|1.367|1.367|JPY|390000000.0|390000000|2907060|2907060|0|2907060|2907060|0|1|1|0
Tradition SEF Inc.|549300MBO45EHETL4438|20230424|20230726|10Y_004_OIS_1Y_TONA_JSCC|"10 Year Overnight Index Swap - 1 Year TONA for JPY"|IR|S|OIS|1Y_ACT/365.FIXED_vs_1Y_1Y_ACT/365.FIXED|1Y_JPY-TONA-OIS-COMPOUND|JPY|CASH||N|N|Japan Sec. Clearing Corp.|549300JHM7D8P3TS4S86|P|0.666|0.666|0.666|0.666|JPY|600000000.0|600000000|4472400|4472400|0|4472400|4472400|0|1|1|0
Tradition SEF Inc.|549300MBO45EHETL4438|20230424|20230426|10Y_OIS_1Y_TONA_JSCC|"10 Year Overnight Index Swap - 1 Year TONA for JPY"|IR|S|OIS|1Y_ACT/365.FIXED_vs_1Y_1Y_ACT/365.FIXED|1Y_JPY-TONA-OIS-COMPOUND|JPY|CASH||N|N|Japan Sec. Clearing Corp.|549300JHM7D8P3TS4S86|P|0.64625|0.64625|0.64|0.64|JPY|4000000000.0|4000000000|29816000|29816000|0|29816000|29816000|0|2|2|0
Tradition SEF Inc.|549300MBO45EHETL4438|20230424|20230426|6M_OIS_6M_USDSOFR_LCH|"6 Month Overnight Index Swap - 6 Month Secured Overnight Financing Rate (USD)"|IR|S|OIS|6M_ACT/360_vs_6M_6M_ACT/360|6M_USD-SOFR-COMPOUND|USD|CASH||N|N|LCH.Clearnet Limited|F226TOH6YD6XJB17KS62|P|5.085|5.085|5.085|5.085|USD|400000000.0|400000000|400000000|400000000|0|400000000|400000000|0|1|1|0
Tradition SEF Inc.|549300MBO45EHETL4438|20230424|20230426|2Y_OIS_1Y_USDSOFR_CME|"2 Year Overnight Index Swap - 1 Year Secured Overnight Financing Rate (USD)"|IR|S|OIS|1Y_ACT/360_vs_1Y_1Y_ACT/360|1Y_USD-SOFR-COMPOUND|USD|CASH||N|N|Chicago Mercantile Exchange|LCZ7XYGSLJUHFXXNXD88|P|4.125|4.125|4.125|4.125|USD|500000000.0|500000000|500000000|500000000|0|500000000|500000000|0|1|1|0
Tradition SEF Inc.|549300MBO45EHETL4438|20230424|20230426|3Y_OIS_1Y_USDSOFR_LCH|"3 Year Overnight Index Swap - 1 Year Secured Overnight Financing Rate (USD)"|IR|S|OIS|1Y_ACT/360_vs_1Y_1Y_ACT/360|1Y_USD-SOFR-COMPOUND|USD|CASH||N|N|LCH.Clearnet Limited|F226TOH6YD6XJB17KS62|P|3.77|3.77|3.77|3.77|USD|328000000.0|328000000|328000000|328000000|0|328000000|328000000|0|1|1|0
Tradition SEF Inc.|549300MBO45EHETL4438|20230424|20230426|4Y_OIS_1Y_USDSOFR_LCH|"4 Year Overnight Index Swap - 1 Year Secured Overnight Financing Rate (USD)"|IR|S|OIS|1Y_ACT/360_vs_1Y_1Y_ACT/360|1Y_USD-SOFR-COMPOUND|USD|CASH||N|N|LCH.Clearnet Limited|F226TOH6YD6XJB17KS62|P|3.55875|3.55875|3.55875|3.55875|USD|500000000.0|500000000|500000000|500000000|0|500000000|500000000|0|1|1|0
Tradition SEF Inc.|549300MBO45EHETL4438|20230424|20230426|5Y_OIS_1Y_USDSOFR_LCH|"5 Year Overnight Index Swap - 1 Year Secured Overnight Financing Rate (USD)"|IR|S|OIS|1Y_ACT/360_vs_1Y_1Y_ACT/360|1Y_USD-SOFR-COMPOUND|USD|CASH||N|N|LCH.Clearnet Limited|F226TOH6YD6XJB17KS62|P|3.439375|3.439375|3.439375|3.439375|USD|203000000.0|203000000|203000000|203000000|0|203000000|203000000|0|1|1|0
Tradition SEF Inc.|549300MBO45EHETL4438|20230424|20230426|10Y_OIS_1Y_USDSOFR_CME|"10 Year Overnight Index Swap - 1 Year Secured Overnight Financing Rate (USD)"|IR|S|OIS|1Y_ACT/360_vs_1Y_1Y_ACT/360|1Y_USD-SOFR-COMPOUND|USD|CASH||N|N|Chicago Mercantile Exchange|LCZ7XYGSLJUHFXXNXD88|P|3.23|3.23|3.23|3.23|USD|60000000.0|60000000|60000000|60000000|0|60000000|60000000|0|1|1|0
Tradition SEF Inc.|549300MBO45EHETL4438|20230424|20230426|3Y_IRS_3M-3M-3M_BBSW_LCH|"3 Year Interest Rate Swap - 3 Month BBSW Rate for AUD"|IR|S|FF|3M_ACT/365.FIXED_vs_3M_3M_ACT/365.FIXED|3M_AUD-BBR-BBSW|AUD|CASH||N|N|LCH.Clearnet Limited|F226TOH6YD6XJB17KS62|P|3.54375|3.54375|3.54375|3.54375|AUD|316000000.0|316000000|211656800|211656800|0|211656800|211656800|0|1|1|0
Tradition SEF Inc.|549300MBO45EHETL4438|20230424|20230426|4Y_IRS_6M-6M-6M_BBSW_LCH|"4 Year Interest Rate Swap - 6 Month BBSW Rate for AUD"|IR|S|FF|6M_ACT/365.FIXED_vs_6M_6M_ACT/365.FIXED|6M_AUD-BBR-BBSW|AUD|CASH||N|N|LCH.Clearnet Limited|F226TOH6YD6XJB17KS62|P|3.66|3.66|3.66|3.66|AUD|242000000.0|242000000|162091600|162091600|0|162091600|162091600|0|1|1|0
Tradition SEF Inc.|549300MBO45EHETL4438|20230424|20230426|1Y_IRS_1Y-1Y-1Y_CLPTNA|"1 Year Interest Rate Swap - 1 Year ICP Rate for CLP"|IR|S|FF|1Y_ACT/360_vs_1Y_1Y_ACT/360|1Y_CLP-TNA|CLP|CASH||N|N|||P|10.29|10.29|10.29|10.29|CLP|26500000000.0|26500000000|3259234820|0|3259234820|3259234820|0|3259234820|1|0|1
Tradition SEF Inc.|549300MBO45EHETL4438|20230424|20230426|5Y_IRS_6M-6M-6M_CLPTNA|"5 Year Interest Rate Swap - 6 Month ICP Rate for CLP"|IR|S|FF|6M_ACT/360_vs_6M_6M_ACT/360|6M_CLP-TNA|CLP|CASH||N|N|||P|5.76|5.76|5.76|5.76|CLP|9500000000.0|9500000000|1168404990|0|1168404990|1168404990|0|1168404990|1|0|1
Tradition SEF Inc.|549300MBO45EHETL4438|20230424|20230426|5Y_IRS_6M-6M-6M_CLPTNA_CME|"5 Year Interest Rate Swap - 6 Month ICP Rate for CLP"|IR|S|FF|6M_ACT/360_vs_6M_6M_ACT/360|6M_CLP-TNA|CLP|CASH||N|N|Chicago Mercantile Exchange|LCZ7XYGSLJUHFXXNXD88|P|5.76|5.7725|5.76|5.7725|CLP|17100000000.0|17100000000|2103128960|2103128960|0|2103128960|2103128960|0|3|3|0
Tradition SEF Inc.|549300MBO45EHETL4438|20230424|20230426|6Y_IRS_6M-6M-6M_CLPTNA|"6 Year Interest Rate Swap - 6 Month ICP Rate for CLP"|IR|S|FF|6M_ACT/360_vs_6M_6M_ACT/360|6M_CLP-TNA|CLP|CASH||N|N|||P|5.59|5.59|5.59|5.59|CLP|4800000000.0|4800000000|590352000|0|590352000|590352000|0|590352000|1|0|1
Tradition SEF Inc.|549300MBO45EHETL4438|20230424|20230426|6Y_IRS_6M-6M-6M_CLPTNA_CME|"6 Year Interest Rate Swap - 6 Month ICP Rate for CLP"|IR|S|FF|6M_ACT/360_vs_6M_6M_ACT/360|6M_CLP-TNA|CLP|CASH||N|N|Chicago Mercantile Exchange|LCZ7XYGSLJUHFXXNXD88|P|5.655|5.655|5.655|5.655|CLP|4800000000.0|4800000000|590352000|590352000|0|590352000|590352000|0|1|1|0
Tradition SEF Inc.|549300MBO45EHETL4438|20230424|20230426|7Y_IRS_6M-6M-6M_CLPTNA_CME|"7 Year Interest Rate Swap - 6 Month ICP Rate for CLP"|IR|S|FF|6M_ACT/360_vs_6M_6M_ACT/360|6M_CLP-TNA|CLP|CASH||N|N|Chicago Mercantile Exchange|LCZ7XYGSLJUHFXXNXD88|P|5.475|5.475|5.475|5.475|CLP|4200000000.0|4200000000|516557984|516557984|0|516557984|516557984|0|1|1|0
Tradition SEF Inc.|549300MBO45EHETL4438|20230424|20230426|9Y_IRS_6M-6M-6M_CLPTNA_CME|"9 Year Interest Rate Swap - 6 Month ICP Rate for CLP"|IR|S|FF|6M_ACT/360_vs_6M_6M_ACT/360|6M_CLP-TNA|CLP|CASH||N|N|Chicago Mercantile Exchange|LCZ7XYGSLJUHFXXNXD88|P|5.27|5.27|5.27|5.27|CLP|3400000000.0|3400000000|418165984|418165984|0|418165984|418165984|0|1|1|0
Tradition SEF Inc.|549300MBO45EHETL4438|20230424|20230426|10Y_IRS_6M-6M-6M_CLPTNA|"10 Year Interest Rate Swap - 6 Month ICP Rate for CLP"|IR|S|FF|6M_ACT/360_vs_6M_6M_ACT/360|6M_CLP-TNA|CLP|CASH||N|N|||P|5.19|5.19|5.19|5.19|CLP|3150000000.0|3150000000|387418496|0|387418496|387418496|0|387418496|1|0|1
Tradition SEF Inc.|549300MBO45EHETL4438|20230424|20230426|10Y_IRS_6M-6M-6M_CLPTNA_CME|"10 Year Interest Rate Swap - 6 Month ICP Rate for CLP"|IR|S|FF|6M_ACT/360_vs_6M_6M_ACT/360|6M_CLP-TNA|CLP|CASH||N|N|Chicago Mercantile Exchange|LCZ7XYGSLJUHFXXNXD88|P|5.215|5.215|5.215|5.215|CLP|3150000000.0|3150000000|387418496|387418496|0|387418496|387418496|0|1|1|0
Tradition SEF Inc.|549300MBO45EHETL4438|20230424|20230426|3Y_IRS_1Y-6M-6M_PRIBOR_LCH|"3 Year Interest Rate Swap - 6 Month PRIBOR Rate for CZK"|IR|S|FF|1Y_ACT/360_vs_6M_6M_ACT/360|6M_CZK-PRIBOR-PRBO|CZK|CASH||N|N|LCH.Clearnet Limited|F226TOH6YD6XJB17KS62|P|5.52|5.52|5.52|5.52|CZK|392000000.0|392000000|18463200|18463200|0|18463200|18463200|0|1|1|0
Tradition SEF Inc.|549300MBO45EHETL4438|20230424|20230426|4Y_IRS_1Y-6M-6M_PRIBOR_LCH|"4 Year Interest Rate Swap - 6 Month PRIBOR Rate for CZK"|IR|S|FF|1Y_ACT/360_vs_6M_6M_ACT/360|6M_CZK-PRIBOR-PRBO|CZK|CASH||N|N|LCH.Clearnet Limited|F226TOH6YD6XJB17KS62|P|5.1825|5.1825|5.1825|5.1825|CZK|601000000.0|601000000|28307100|28307100|0|28307100|28307100|0|1|1|0
Tradition SEF Inc.|549300MBO45EHETL4438|20230424|20230426|5Y_IRS_1Y-6M-6M_PRIBOR_LCH|"5 Year Interest Rate Swap - 6 Month PRIBOR Rate for CZK"|IR|S|FF|1Y_ACT/360_vs_6M_6M_ACT/360|6M_CZK-PRIBOR-PRBO|CZK|CASH||N|N|LCH.Clearnet Limited|F226TOH6YD6XJB17KS62|P|4.975|4.975|4.94|4.94|CZK|1229000000.0|1229000000|57885896|57885896|0|57885896|57885896|0|3|3|0
Tradition SEF Inc.|549300MBO45EHETL4438|20230424|20230425|9M_IRS_28D_TIIE_CME|"9 Month Interest Rate Swap - 28 Day TIIE for MXN"|IR|S|FF|28D_ACT/360_vs_28D_28D_ACT/360|28D_MXN-TIIE|MXN|CASH||N|N|Chicago Mercantile Exchange|LCZ7XYGSLJUHFXXNXD88|P|11.55|11.55|11.55|11.55|MXN|800000000.0|800000000|44496000|44496000|0|44496000|44496000|0|1|1|0
Tradition SEF Inc.|549300MBO45EHETL4438|20230424|20230425|2Y_IRS_28D_TIIE_CME|"2 Year Interest Rate Swap - 28 Day TIIE for MXN"|IR|S|FF|28D_ACT/360_vs_28D_28D_ACT/360|28D_MXN-TIIE|MXN|CASH||N|N|Chicago Mercantile Exchange|LCZ7XYGSLJUHFXXNXD88|P|10.01|10.01|10.0025|10.01|MXN|2700000000.0|2700000000|150174000|150174000|0|150174000|150174000|0|4|4|0
Tradition SEF Inc.|549300MBO45EHETL4438|20230424|20230425|3Y_IRS_28D_TIIE_CME|"3 Year Interest Rate Swap - 28 Day TIIE for MXN"|IR|S|FF|28D_ACT/360_vs_28D_28D_ACT/360|28D_MXN-TIIE|MXN|CASH||N|N|Chicago Mercantile Exchange|LCZ7XYGSLJUHFXXNXD88|P|9.16|9.175|9.16|9.175|MXN|2300000000.0|2300000000|127926000|127926000|0|127926000|127926000|0|3|3|0
Tradition SEF Inc.|549300MBO45EHETL4438|20230424|20230425|4Y_IRS_28D_TIIE_CME|"4 Year Interest Rate Swap - 28 Day TIIE for MXN"|IR|S|FF|28D_ACT/360_vs_28D_28D_ACT/360|28D_MXN-TIIE|MXN|CASH||N|N|Chicago Mercantile Exchange|LCZ7XYGSLJUHFXXNXD88|P|8.74|8.74|8.74|8.74|MXN|540000000.0|540000000|30034800|30034800|0|30034800|30034800|0|1|1|0
Tradition SEF Inc.|549300MBO45EHETL4438|20230424|20230425|5Y_IRS_28D_TIIE_CME|"5 Year Interest Rate Swap - 28 Day TIIE for MXN"|IR|S|FF|28D_ACT/360_vs_28D_28D_ACT/360|28D_MXN-TIIE|MXN|CASH||N|N|Chicago Mercantile Exchange|LCZ7XYGSLJUHFXXNXD88|P|8.57|8.59|8.55|8.55|MXN|1360000000.0|1360000000|75643200|75643200|0|75643200|75643200|0|7|7|0
Tradition SEF Inc.|549300MBO45EHETL4438|20230424|20230425|7Y_IRS_28D_TIIE_CME|"7 Year Interest Rate Swap - 28 Day TIIE for MXN"|IR|S|FF|28D_ACT/360_vs_28D_28D_ACT/360|28D_MXN-TIIE|MXN|CASH||N|N|Chicago Mercantile Exchange|LCZ7XYGSLJUHFXXNXD88|P|8.45|8.45|8.45|8.45|MXN|75000000.0|75000000|4171500|4171500|0|4171500|4171500|0|1|1|0
Tradition SEF Inc.|549300MBO45EHETL4438|20230424|20230425|10Y_IRS_28D_TIIE_CME|"10 Year Interest Rate Swap - 28 Day TIIE for MXN"|IR|S|FF|28D_ACT/360_vs_28D_28D_ACT/360|28D_MXN-TIIE|MXN|CASH||N|N|Chicago Mercantile Exchange|LCZ7XYGSLJUHFXXNXD88|P|8.45|8.45|8.42|8.43|MXN|530000000.0|530000000|29478600|29478600|0|29478600|29478600|0|5|5|0
Tradition SEF Inc.|549300MBO45EHETL4438|20230424|20230426|2Y_IRS_1Y-6M-6M_WIBOR_LCH|"2 Year Interest Rate Swap - 6 Month WIBOR for PLN"|IR|S|FF|1Y_ACT/ACT.ISDA_vs_6M_6M_ACT/365.FIXED|6M_PLN-WIBOR-WIBO|PLN|CASH||N|N|LCH.Clearnet Limited|F226TOH6YD6XJB17KS62|P|6.43|6.43|6.43|6.43|PLN|137000000.0|137000000|32934800|32934800|0|32934800|32934800|0|1|1|0
Tradition SEF Inc.|549300MBO45EHETL4438|20230424|20230426|5Y_IRS_1Y-6M-6M_WIBOR_LCH|"5 Year Interest Rate Swap - 6 Month WIBOR for PLN"|IR|S|FF|1Y_ACT/ACT.ISDA_vs_6M_6M_ACT/365.FIXED|6M_PLN-WIBOR-WIBO|PLN|CASH||N|N|LCH.Clearnet Limited|F226TOH6YD6XJB17KS62|P|5.63|5.63|5.62|5.62|PLN|133000000.0|133000000|31973200|31973200|0|31973200|31973200|0|3|3|0
Tradition SEF Inc.|549300MBO45EHETL4438|20230424|20230424|5Y_IRS_3M-3M-3M_JIBAR_LCH|"5 Year Interest Rate Swap - 3 Month JIBAR for ZAR"|IR|S|FF|3M_ACT/365.FIXED_vs_3M_3M_ACT/365.FIXED|3M_ZAR-JIBAR-SAFEX|ZAR|CASH||N|N|LCH.Clearnet Limited|F226TOH6YD6XJB17KS62|P|8.52|8.52|8.52|8.52|ZAR|672000000.0|672000000|37041984|37041984|0|37041984|37041984|0|1|1|0
Tradition SEF Inc.|549300MBO45EHETL4438|20230424|20230424|10Y_IRS_3M-3M-3M_JIBAR_LCH|"10 Year Interest Rate Swap - 3 Month JIBAR for ZAR"|IR|S|FF|3M_ACT/365.FIXED_vs_3M_3M_ACT/365.FIXED|3M_ZAR-JIBAR-SAFEX|ZAR|CASH||N|N|LCH.Clearnet Limited|F226TOH6YD6XJB17KS62|P|9.42|9.44|9.42|9.44|ZAR|553000000.0|553000000|30482466|30482466|0|30482466|30482466|0|2|2|0
Tradition SEF Inc.|549300MBO45EHETL4438|20230424|20230526|1M-10Y_SWN_STRDL_0-653_1Y-1Y-1Y_TONA|"Option is Straddle of 1 Month by 10 Year with Strike 0.653% ; Swaption - 1 Year TONA for JPY"|IR|O|SWO|1Y_ACT/365.FIXED_vs_1Y_1Y_ACT/365.FIXED|1Y_JPY-TONA-OIS-COMPOUND|JPY|CASH||N|N|||P|118|118|118|118|JPY|5000000000.0|5000000000|37270000|0|37270000|37270000|0|37270000|1|0|1
Tradition SEF Inc.|549300MBO45EHETL4438|20230424|20230726|3M-10Y_SWN_STRDL_0-666_1Y-1Y-1Y_TONA|"Option is Straddle of 3 Month by 10 Year with Strike 0.666% ; Swaption - 1 Year TONA for JPY"|IR|O|SWO|1Y_ACT/365.FIXED_vs_1Y_1Y_ACT/365.FIXED|1Y_JPY-TONA-OIS-COMPOUND|JPY|CASH||N|N|||P|205|205|205|205|JPY|8000000000.0|8000000000|59632000|0|59632000|59632000|0|59632000|2|0|2
Tradition SEF Inc.|549300MBO45EHETL4438|20230424|20300426|7Y-10Y_SWN_STRDL_1-367_1Y-1Y-1Y_TONA|"Option is Straddle of 7 Year by 10 Year with Strike 1.367% ; Swaption - 1 Year TONA for JPY"|IR|O|SWO|1Y_ACT/365.FIXED_vs_1Y_1Y_ACT/365.FIXED|1Y_JPY-TONA-OIS-COMPOUND|JPY|CASH||N|N|||P|785|785|785|785|JPY|1000000000.0|1000000000|7454000|0|7454000|7454000|0|7454000|1|0|1
Tradition SEF Inc.|549300MBO45EHETL4438|20230424|20231025|6M-2Y_SWN_STRDL_3-612_1Y-1Y-1Y_USDSOFR|"Option is Straddle of 6 Month by 2 Year with Strike 3.612% ; Swaption - 1 Year Secured Overnight Financing Rate (USD)"|IR|O|SWO|1Y_ACT/360_vs_1Y_1Y_ACT/360|1Y_USD-SOFR-COMPOUND|USD|CASH||N|N|||P|178.5|178.5|178.5|178.5|USD|75000000.0|75000000|75000000|0|75000000|75000000|0|75000000|1|0|1
Tradition SEF Inc.|549300MBO45EHETL4438|20230424|20231026|6M-30Y_SWN_STRDL_2-9625_1Y-1Y-1Y_USDSOFR|"Option is Straddle of 6 Month by 30 Year with Strike 2.9625% ; Swaption - 1 Year Secured Overnight Financing Rate (USD)"|IR|O|SWO|1Y_ACT/360_vs_1Y_1Y_ACT/360|1Y_USD-SOFR-COMPOUND|USD|CASH||N|N|||P|1025|1025|1025|1025|USD|25000000.0|25000000|25000000|0|25000000|25000000|0|25000000|1|0|1
